date,sku_id,store_id,units_sold,promo_flag,avg_price
2025-12-01,SKU-100,STORE-NYC,35,0,31.99
2025-12-01,SKU-100,STORE-LA,33,0,31.99
2025-12-01,SKU-100,STORE-CHI,28,0,31.99
2025-12-01,SKU-200,STORE-NYC,16,0,23.99
2025-12-01,SKU-200,STORE-LA,25,0,23.99
2025-12-01,SKU-200,STORE-CHI,25,0,23.99
2025-12-01,SKU-300,STORE-NYC,39,1,29.99
2025-12-01,SKU-300,STORE-LA,35,0,29.99
2025-12-01,SKU-300,STORE-CHI,25,0,29.99
2025-12-01,SKU-400,STORE-NYC,29,1,29.99
2025-12-01,SKU-400,STORE-LA,29,0,29.99
2025-12-01,SKU-400,STORE-CHI,19,0,29.99
2025-12-01,SKU-500,STORE-NYC,21,0,33.99
2025-12-01,SKU-500,STORE-LA,31,0,33.99
2025-12-01,SKU-500,STORE-CHI,26,0,33.99
2025-12-02,SKU-100,STORE-NYC,31,0,31.99
2025-12-02,SKU-100,STORE-LA,35,0,31.99
2025-12-02,SKU-100,STORE-CHI,30,0,31.99
2025-12-02,SKU-200,STORE-NYC,17,0,23.99
2025-12-02,SKU-200,STORE-LA,20,0,23.99
2025-12-02,SKU-200,STORE-CHI,26,0,23.99
2025-12-02,SKU-300,STORE-NYC,26,0,29.99
2025-12-02,SKU-300,STORE-LA,32,0,29.99
2025-12-02,SKU-300,STORE-CHI,30,0,29.99
2025-12-02,SKU-400,STORE-NYC,18,0,29.99
2025-12-02,SKU-400,STORE-LA,31,0,29.99
2025-12-02,SKU-400,STORE-CHI,25,0,29.99
2025-12-02,SKU-500,STORE-NYC,20,0,33.99
2025-12-02,SKU-500,STORE-LA,30,0,33.99
2025-12-02,SKU-500,STORE-CHI,28,0,33.99
2025-12-03,SKU-100,STORE-NYC,31,0,31.99
2025-12-03,SKU-100,STORE-LA,30,0,31.99
2025-12-03,SKU-100,STORE-CHI,31,0,31.99
2025-12-03,SKU-200,STORE-NYC,31,1,23.99
2025-12-03,SKU-200,STORE-LA,23,0,23.99
2025-12-03,SKU-200,STORE-CHI,26,0,23.99
2025-12-03,SKU-300,STORE-NYC,24,0,29.99
2025-12-03,SKU-300,STORE-LA,35,0,29.99
2025-12-03,SKU-300,STORE-CHI,27,0,29.99
2025-12-03,SKU-400,STORE-NYC,20,0,29.99
2025-12-03,SKU-400,STORE-LA,29,0,29.99
2025-12-03,SKU-400,STORE-CHI,25,0,29.99
2025-12-03,SKU-500,STORE-NYC,23,0,33.99
2025-12-03,SKU-500,STORE-LA,39,0,33.99
2025-12-03,SKU-500,STORE-CHI,31,0,33.99
2025-12-04,SKU-100,STORE-NYC,34,0,31.99
2025-12-04,SKU-100,STORE-LA,32,0,31.99
2025-12-04,SKU-100,STORE-CHI,31,0,31.99
2025-12-04,SKU-200,STORE-NYC,14,0,23.99
2025-12-04,SKU-200,STORE-LA,22,0,23.99
2025-12-04,SKU-200,STORE-CHI,36,1,23.99
2025-12-04,SKU-300,STORE-NYC,22,0,29.99
2025-12-04,SKU-300,STORE-LA,31,0,29.99
2025-12-04,SKU-300,STORE-CHI,28,0,29.99
2025-12-04,SKU-400,STORE-NYC,24,0,29.99
2025-12-04,SKU-400,STORE-LA,28,0,29.99
2025-12-04,SKU-400,STORE-CHI,24,0,29.99
2025-12-04,SKU-500,STORE-NYC,26,0,33.99
2025-12-04,SKU-500,STORE-LA,28,0,33.99
2025-12-04,SKU-500,STORE-CHI,27,0,33.99
2025-12-05,SKU-100,STORE-NYC,29,0,31.99
2025-12-05,SKU-100,STORE-LA,31,0,31.99
2025-12-05,SKU-100,STORE-CHI,42,1,31.99
2025-12-05,SKU-200,STORE-NYC,21,0,23.99
2025-12-05,SKU-200,STORE-LA,25,0,23.99
2025-12-05,SKU-200,STORE-CHI,35,1,23.99
2025-12-05,SKU-300,STORE-NYC,26,0,29.99
2025-12-05,SKU-300,STORE-LA,31,0,29.99
2025-12-05,SKU-300,STORE-CHI,41,1,29.99
2025-12-05,SKU-400,STORE-NYC,15,0,29.99
2025-12-05,SKU-400,STORE-LA,28,0,29.99
2025-12-05,SKU-400,STORE-CHI,21,0,29.99
2025-12-05,SKU-500,STORE-NYC,22,0,33.99
2025-12-05,SKU-500,STORE-LA,34,0,33.99
2025-12-05,SKU-500,STORE-CHI,26,0,33.99
2025-12-06,SKU-100,STORE-NYC,47,0,31.99
2025-12-06,SKU-100,STORE-LA,37,0,31.99
2025-12-06,SKU-100,STORE-CHI,36,0,31.99
2025-12-06,SKU-200,STORE-NYC,25,0,23.99
2025-12-06,SKU-200,STORE-LA,29,0,23.99
2025-12-06,SKU-200,STORE-CHI,29,0,23.99
2025-12-06,SKU-300,STORE-NYC,30,0,29.99
2025-12-06,SKU-300,STORE-LA,39,0,29.99
2025-12-06,SKU-300,STORE-CHI,35,0,29.99
2025-12-06,SKU-400,STORE-NYC,29,0,29.99
2025-12-06,SKU-400,STORE-LA,40,0,29.99
2025-12-06,SKU-400,STORE-CHI,28,0,29.99
2025-12-06,SKU-500,STORE-NYC,23,0,33.99
2025-12-06,SKU-500,STORE-LA,34,0,33.99
2025-12-06,SKU-500,STORE-CHI,37,0,33.99
2025-12-07,SKU-100,STORE-NYC,36,0,31.99
2025-12-07,SKU-100,STORE-LA,32,0,31.99
2025-12-07,SKU-100,STORE-CHI,34,0,31.99
2025-12-07,SKU-200,STORE-NYC,31,0,23.99
2025-12-07,SKU-200,STORE-LA,27,0,23.99
2025-12-07,SKU-200,STORE-CHI,31,0,23.99
2025-12-07,SKU-300,STORE-NYC,34,0,29.99
2025-12-07,SKU-300,STORE-LA,36,0,29.99
2025-12-07,SKU-300,STORE-CHI,44,0,29.99
2025-12-07,SKU-400,STORE-NYC,28,0,29.99
2025-12-07,SKU-400,STORE-LA,40,0,29.99
2025-12-07,SKU-400,STORE-CHI,25,0,29.99
2025-12-07,SKU-500,STORE-NYC,28,0,33.99
2025-12-07,SKU-500,STORE-LA,51,1,33.99
2025-12-07,SKU-500,STORE-CHI,37,0,33.99
2025-12-08,SKU-100,STORE-NYC,33,0,31.99
2025-12-08,SKU-100,STORE-LA,27,0,31.99
2025-12-08,SKU-100,STORE-CHI,33,0,31.99
2025-12-08,SKU-200,STORE-NYC,20,0,23.99
2025-12-08,SKU-200,STORE-LA,22,0,23.99
2025-12-08,SKU-200,STORE-CHI,22,0,23.99
2025-12-08,SKU-300,STORE-NYC,24,0,29.99
2025-12-08,SKU-300,STORE-LA,41,1,29.99
2025-12-08,SKU-300,STORE-CHI,27,0,29.99
2025-12-08,SKU-400,STORE-NYC,20,0,29.99
2025-12-08,SKU-400,STORE-LA,29,0,29.99
2025-12-08,SKU-400,STORE-CHI,21,0,29.99
2025-12-08,SKU-500,STORE-NYC,20,0,33.99
2025-12-08,SKU-500,STORE-LA,31,0,33.99
2025-12-08,SKU-500,STORE-CHI,33,0,33.99
2025-12-09,SKU-100,STORE-NYC,31,0,31.99
2025-12-09,SKU-100,STORE-LA,31,0,31.99
2025-12-09,SKU-100,STORE-CHI,30,0,31.99
2025-12-09,SKU-200,STORE-NYC,19,0,23.99
2025-12-09,SKU-200,STORE-LA,23,0,23.99
2025-12-09,SKU-200,STORE-CHI,27,0,23.99
2025-12-09,SKU-300,STORE-NYC,17,0,29.99
2025-12-09,SKU-300,STORE-LA,34,0,29.99
2025-12-09,SKU-300,STORE-CHI,29,0,29.99
2025-12-09,SKU-400,STORE-NYC,21,0,29.99
2025-12-09,SKU-400,STORE-LA,31,0,29.99
2025-12-09,SKU-400,STORE-CHI,20,0,29.99
2025-12-09,SKU-500,STORE-NYC,21,0,33.99
2025-12-09,SKU-500,STORE-LA,27,0,33.99
2025-12-09,SKU-500,STORE-CHI,34,0,33.99
2025-12-10,SKU-100,STORE-NYC,34,0,31.99
2025-12-10,SKU-100,STORE-LA,34,0,31.99
2025-12-10,SKU-100,STORE-CHI,30,0,31.99
2025-12-10,SKU-200,STORE-NYC,19,0,23.99
2025-12-10,SKU-200,STORE-LA,23,0,23.99
2025-12-10,SKU-200,STORE-CHI,26,0,23.99
2025-12-10,SKU-300,STORE-NYC,29,0,29.99
2025-12-10,SKU-300,STORE-LA,36,0,29.99
2025-12-10,SKU-300,STORE-CHI,26,0,29.99
2025-12-10,SKU-400,STORE-NYC,19,0,29.99
2025-12-10,SKU-400,STORE-LA,30,0,29.99
2025-12-10,SKU-400,STORE-CHI,21,0,29.99
2025-12-10,SKU-500,STORE-NYC,26,0,33.99
2025-12-10,SKU-500,STORE-LA,31,0,33.99
2025-12-10,SKU-500,STORE-CHI,30,0,33.99
2025-12-11,SKU-100,STORE-NYC,29,0,31.99
2025-12-11,SKU-100,STORE-LA,31,0,31.99
2025-12-11,SKU-100,STORE-CHI,32,0,31.99
2025-12-11,SKU-200,STORE-NYC,22,0,23.99
2025-12-11,SKU-200,STORE-LA,27,0,23.99
2025-12-11,SKU-200,STORE-CHI,20,0,23.99
2025-12-11,SKU-300,STORE-NYC,29,0,29.99
2025-12-11,SKU-300,STORE-LA,34,0,29.99
2025-12-11,SKU-300,STORE-CHI,27,0,29.99
2025-12-11,SKU-400,STORE-NYC,19,0,29.99
2025-12-11,SKU-400,STORE-LA,34,0,29.99
2025-12-11,SKU-400,STORE-CHI,21,0,29.99
2025-12-11,SKU-500,STORE-NYC,33,1,33.99
2025-12-11,SKU-500,STORE-LA,28,0,33.99
2025-12-11,SKU-500,STORE-CHI,32,0,33.99
2025-12-12,SKU-100,STORE-NYC,30,0,31.99
2025-12-12,SKU-100,STORE-LA,36,0,31.99
2025-12-12,SKU-100,STORE-CHI,34,0,31.99
2025-12-12,SKU-200,STORE-NYC,22,0,23.99
2025-12-12,SKU-200,STORE-LA,21,0,23.99
2025-12-12,SKU-200,STORE-CHI,25,0,23.99
2025-12-12,SKU-300,STORE-NYC,26,0,29.99
2025-12-12,SKU-300,STORE-LA,36,0,29.99
2025-12-12,SKU-300,STORE-CHI,24,0,29.99
2025-12-12,SKU-400,STORE-NYC,14,0,29.99
2025-12-12,SKU-400,STORE-LA,34,0,29.99
2025-12-12,SKU-400,STORE-CHI,26,0,29.99
2025-12-12,SKU-500,STORE-NYC,26,0,33.99
2025-12-12,SKU-500,STORE-LA,30,0,33.99
2025-12-12,SKU-500,STORE-CHI,31,0,33.99
2025-12-13,SKU-100,STORE-NYC,38,0,31.99
2025-12-13,SKU-100,STORE-LA,42,0,31.99
2025-12-13,SKU-100,STORE-CHI,35,0,31.99
2025-12-13,SKU-200,STORE-NYC,26,0,23.99
2025-12-13,SKU-200,STORE-LA,44,1,23.99
2025-12-13,SKU-200,STORE-CHI,29,0,23.99
2025-12-13,SKU-300,STORE-NYC,30,0,29.99
2025-12-13,SKU-300,STORE-LA,47,1,29.99
2025-12-13,SKU-300,STORE-CHI,33,0,29.99
2025-12-13,SKU-400,STORE-NYC,27,0,29.99
2025-12-13,SKU-400,STORE-LA,35,0,29.99
2025-12-13,SKU-400,STORE-CHI,30,0,29.99
2025-12-13,SKU-500,STORE-NYC,27,0,33.99
2025-12-13,SKU-500,STORE-LA,38,0,33.99
2025-12-13,SKU-500,STORE-CHI,33,0,33.99
2025-12-14,SKU-100,STORE-NYC,35,0,31.99
2025-12-14,SKU-100,STORE-LA,38,0,31.99
2025-12-14,SKU-100,STORE-CHI,36,0,31.99
2025-12-14,SKU-200,STORE-NYC,23,0,23.99
2025-12-14,SKU-200,STORE-LA,28,0,23.99
2025-12-14,SKU-200,STORE-CHI,31,0,23.99
2025-12-14,SKU-300,STORE-NYC,34,0,29.99
2025-12-14,SKU-300,STORE-LA,38,0,29.99
2025-12-14,SKU-300,STORE-CHI,35,0,29.99
2025-12-14,SKU-400,STORE-NYC,23,0,29.99
2025-12-14,SKU-400,STORE-LA,39,0,29.99
2025-12-14,SKU-400,STORE-CHI,28,0,29.99
2025-12-14,SKU-500,STORE-NYC,41,1,33.99
2025-12-14,SKU-500,STORE-LA,32,0,33.99
2025-12-14,SKU-500,STORE-CHI,36,0,33.99
2025-12-15,SKU-100,STORE-NYC,32,0,31.99
2025-12-15,SKU-100,STORE-LA,31,0,31.99
2025-12-15,SKU-100,STORE-CHI,31,0,31.99
2025-12-15,SKU-200,STORE-NYC,36,1,23.99
2025-12-15,SKU-200,STORE-LA,24,0,23.99
2025-12-15,SKU-200,STORE-CHI,23,0,23.99
2025-12-15,SKU-300,STORE-NYC,28,0,29.99
2025-12-15,SKU-300,STORE-LA,43,1,29.99
2025-12-15,SKU-300,STORE-CHI,30,0,29.99
2025-12-15,SKU-400,STORE-NYC,17,0,29.99
2025-12-15,SKU-400,STORE-LA,33,0,29.99
2025-12-15,SKU-400,STORE-CHI,21,0,29.99
2025-12-15,SKU-500,STORE-NYC,18,0,33.99
2025-12-15,SKU-500,STORE-LA,28,0,33.99
2025-12-15,SKU-500,STORE-CHI,24,0,33.99
2025-12-16,SKU-100,STORE-NYC,32,0,31.99
2025-12-16,SKU-100,STORE-LA,32,0,31.99
2025-12-16,SKU-100,STORE-CHI,32,0,31.99
2025-12-16,SKU-200,STORE-NYC,17,0,23.99
2025-12-16,SKU-200,STORE-LA,23,0,23.99
2025-12-16,SKU-200,STORE-CHI,24,0,23.99
2025-12-16,SKU-300,STORE-NYC,27,0,29.99
2025-12-16,SKU-300,STORE-LA,33,0,29.99
2025-12-16,SKU-300,STORE-CHI,30,0,29.99
2025-12-16,SKU-400,STORE-NYC,22,0,29.99
2025-12-16,SKU-400,STORE-LA,31,0,29.99
2025-12-16,SKU-400,STORE-CHI,22,0,29.99
2025-12-16,SKU-500,STORE-NYC,24,0,33.99
2025-12-16,SKU-500,STORE-LA,29,0,33.99
2025-12-16,SKU-500,STORE-CHI,25,0,33.99
2025-12-17,SKU-100,STORE-NYC,36,0,31.99
2025-12-17,SKU-100,STORE-LA,33,0,31.99
2025-12-17,SKU-100,STORE-CHI,33,0,31.99
2025-12-17,SKU-200,STORE-NYC,20,0,23.99
2025-12-17,SKU-200,STORE-LA,22,0,23.99
2025-12-17,SKU-200,STORE-CHI,23,0,23.99
2025-12-17,SKU-300,STORE-NYC,28,0,29.99
2025-12-17,SKU-300,STORE-LA,32,0,29.99
2025-12-17,SKU-300,STORE-CHI,30,0,29.99
2025-12-17,SKU-400,STORE-NYC,22,0,29.99
2025-12-17,SKU-400,STORE-LA,32,0,29.99
2025-12-17,SKU-400,STORE-CHI,22,0,29.99
2025-12-17,SKU-500,STORE-NYC,33,1,33.99
2025-12-17,SKU-500,STORE-LA,29,0,33.99
2025-12-17,SKU-500,STORE-CHI,40,1,33.99
2025-12-18,SKU-100,STORE-NYC,35,0,31.99
2025-12-18,SKU-100,STORE-LA,29,0,31.99
2025-12-18,SKU-100,STORE-CHI,33,0,31.99
2025-12-18,SKU-200,STORE-NYC,21,0,23.99
2025-12-18,SKU-200,STORE-LA,24,0,23.99
2025-12-18,SKU-200,STORE-CHI,22,0,23.99
2025-12-18,SKU-300,STORE-NYC,28,0,29.99
2025-12-18,SKU-300,STORE-LA,32,0,29.99
2025-12-18,SKU-300,STORE-CHI,22,0,29.99
2025-12-18,SKU-400,STORE-NYC,32,1,29.99
2025-12-18,SKU-400,STORE-LA,31,0,29.99
2025-12-18,SKU-400,STORE-CHI,22,0,29.99
2025-12-18,SKU-500,STORE-NYC,25,0,33.99
2025-12-18,SKU-500,STORE-LA,27,0,33.99
2025-12-18,SKU-500,STORE-CHI,27,0,33.99
2025-12-19,SKU-100,STORE-NYC,35,0,31.99
2025-12-19,SKU-100,STORE-LA,44,1,31.99
2025-12-19,SKU-100,STORE-CHI,28,0,31.99
2025-12-19,SKU-200,STORE-NYC,15,0,23.99
2025-12-19,SKU-200,STORE-LA,27,0,23.99
2025-12-19,SKU-200,STORE-CHI,26,0,23.99
2025-12-19,SKU-300,STORE-NYC,26,0,29.99
2025-12-19,SKU-300,STORE-LA,27,0,29.99
2025-12-19,SKU-300,STORE-CHI,33,0,29.99
2025-12-19,SKU-400,STORE-NYC,19,0,29.99
2025-12-19,SKU-400,STORE-LA,27,0,29.99
2025-12-19,SKU-400,STORE-CHI,24,0,29.99
2025-12-19,SKU-500,STORE-NYC,22,0,33.99
2025-12-19,SKU-500,STORE-LA,29,0,33.99
2025-12-19,SKU-500,STORE-CHI,31,0,33.99
2025-12-20,SKU-100,STORE-NYC,36,0,31.99
2025-12-20,SKU-100,STORE-LA,40,0,31.99
2025-12-20,SKU-100,STORE-CHI,36,0,31.99
2025-12-20,SKU-200,STORE-NYC,24,0,23.99
2025-12-20,SKU-200,STORE-LA,30,0,23.99
2025-12-20,SKU-200,STORE-CHI,33,0,23.99
2025-12-20,SKU-300,STORE-NYC,28,0,29.99
2025-12-20,SKU-300,STORE-LA,38,0,29.99
2025-12-20,SKU-300,STORE-CHI,37,0,29.99
2025-12-20,SKU-400,STORE-NYC,30,0,29.99
2025-12-20,SKU-400,STORE-LA,36,0,29.99
2025-12-20,SKU-400,STORE-CHI,28,0,29.99
2025-12-20,SKU-500,STORE-NYC,25,0,33.99
2025-12-20,SKU-500,STORE-LA,36,0,33.99
2025-12-20,SKU-500,STORE-CHI,36,0,33.99
2025-12-21,SKU-100,STORE-NYC,39,0,31.99
2025-12-21,SKU-100,STORE-LA,36,0,31.99
2025-12-21,SKU-100,STORE-CHI,35,0,31.99
2025-12-21,SKU-200,STORE-NYC,24,0,23.99
2025-12-21,SKU-200,STORE-LA,30,0,23.99
2025-12-21,SKU-200,STORE-CHI,34,0,23.99
2025-12-21,SKU-300,STORE-NYC,28,0,29.99
2025-12-21,SKU-300,STORE-LA,38,0,29.99
2025-12-21,SKU-300,STORE-CHI,33,0,29.99
2025-12-21,SKU-400,STORE-NYC,29,0,29.99
2025-12-21,SKU-400,STORE-LA,37,0,29.99
2025-12-21,SKU-400,STORE-CHI,29,0,29.99
2025-12-21,SKU-500,STORE-NYC,28,0,33.99
2025-12-21,SKU-500,STORE-LA,35,0,33.99
2025-12-21,SKU-500,STORE-CHI,34,0,33.99
2025-12-22,SKU-100,STORE-NYC,27,0,31.99
2025-12-22,SKU-100,STORE-LA,34,0,31.99
2025-12-22,SKU-100,STORE-CHI,31,0,31.99
2025-12-22,SKU-200,STORE-NYC,24,0,23.99
2025-12-22,SKU-200,STORE-LA,24,0,23.99
2025-12-22,SKU-200,STORE-CHI,21,0,23.99
2025-12-22,SKU-300,STORE-NYC,24,0,29.99
2025-12-22,SKU-300,STORE-LA,26,0,29.99
2025-12-22,SKU-300,STORE-CHI,29,0,29.99
2025-12-22,SKU-400,STORE-NYC,18,0,29.99
2025-12-22,SKU-400,STORE-LA,42,1,29.99
2025-12-22,SKU-400,STORE-CHI,17,0,29.99
2025-12-22,SKU-500,STORE-NYC,22,0,33.99
2025-12-22,SKU-500,STORE-LA,30,0,33.99
2025-12-22,SKU-500,STORE-CHI,29,0,33.99
2025-12-23,SKU-100,STORE-NYC,31,0,31.99
2025-12-23,SKU-100,STORE-LA,40,0,31.99
2025-12-23,SKU-100,STORE-CHI,27,0,31.99
2025-12-23,SKU-200,STORE-NYC,18,0,23.99
2025-12-23,SKU-200,STORE-LA,21,0,23.99
2025-12-23,SKU-200,STORE-CHI,25,0,23.99
2025-12-23,SKU-300,STORE-NYC,24,0,29.99
2025-12-23,SKU-300,STORE-LA,35,0,29.99
2025-12-23,SKU-300,STORE-CHI,30,0,29.99
2025-12-23,SKU-400,STORE-NYC,19,0,29.99
2025-12-23,SKU-400,STORE-LA,30,0,29.99
2025-12-23,SKU-400,STORE-CHI,23,0,29.99
2025-12-23,SKU-500,STORE-NYC,30,1,33.99
2025-12-23,SKU-500,STORE-LA,32,0,33.99
2025-12-23,SKU-500,STORE-CHI,28,0,33.99
2025-12-24,SKU-100,STORE-NYC,30,0,31.99
2025-12-24,SKU-100,STORE-LA,36,0,31.99
2025-12-24,SKU-100,STORE-CHI,28,0,31.99
2025-12-24,SKU-200,STORE-NYC,23,0,23.99
2025-12-24,SKU-200,STORE-LA,22,0,23.99
2025-12-24,SKU-200,STORE-CHI,28,0,23.99
2025-12-24,SKU-300,STORE-NYC,23,0,29.99
2025-12-24,SKU-300,STORE-LA,30,0,29.99
2025-12-24,SKU-300,STORE-CHI,32,0,29.99
2025-12-24,SKU-400,STORE-NYC,22,0,29.99
2025-12-24,SKU-400,STORE-LA,32,0,29.99
2025-12-24,SKU-400,STORE-CHI,19,0,29.99
2025-12-24,SKU-500,STORE-NYC,21,0,33.99
2025-12-24,SKU-500,STORE-LA,40,1,33.99
2025-12-24,SKU-500,STORE-CHI,30,0,33.99
2025-12-25,SKU-100,STORE-NYC,38,0,31.99
2025-12-25,SKU-100,STORE-LA,31,0,31.99
2025-12-25,SKU-100,STORE-CHI,34,0,31.99
2025-12-25,SKU-200,STORE-NYC,20,0,23.99
2025-12-25,SKU-200,STORE-LA,36,1,23.99
2025-12-25,SKU-200,STORE-CHI,22,0,23.99
2025-12-25,SKU-300,STORE-NYC,27,0,29.99
2025-12-25,SKU-300,STORE-LA,35,0,29.99
2025-12-25,SKU-300,STORE-CHI,30,0,29.99
2025-12-25,SKU-400,STORE-NYC,21,0,29.99
2025-12-25,SKU-400,STORE-LA,31,0,29.99
2025-12-25,SKU-400,STORE-CHI,20,0,29.99
2025-12-25,SKU-500,STORE-NYC,26,0,33.99
2025-12-25,SKU-500,STORE-LA,29,0,33.99
2025-12-25,SKU-500,STORE-CHI,29,0,33.99
2025-12-26,SKU-100,STORE-NYC,37,0,31.99
2025-12-26,SKU-100,STORE-LA,26,0,31.99
2025-12-26,SKU-100,STORE-CHI,31,0,31.99
2025-12-26,SKU-200,STORE-NYC,20,0,23.99
2025-12-26,SKU-200,STORE-LA,25,0,23.99
2025-12-26,SKU-200,STORE-CHI,23,0,23.99
2025-12-26,SKU-300,STORE-NYC,24,0,29.99
2025-12-26,SKU-300,STORE-LA,35,0,29.99
2025-12-26,SKU-300,STORE-CHI,28,0,29.99
2025-12-26,SKU-400,STORE-NYC,24,0,29.99
2025-12-26,SKU-400,STORE-LA,30,0,29.99
2025-12-26,SKU-400,STORE-CHI,19,0,29.99
2025-12-26,SKU-500,STORE-NYC,22,0,33.99
2025-12-26,SKU-500,STORE-LA,34,0,33.99
2025-12-26,SKU-500,STORE-CHI,29,0,33.99
2025-12-27,SKU-100,STORE-NYC,37,0,31.99
2025-12-27,SKU-100,STORE-LA,40,0,31.99
2025-12-27,SKU-100,STORE-CHI,41,0,31.99
2025-12-27,SKU-200,STORE-NYC,21,0,23.99
2025-12-27,SKU-200,STORE-LA,26,0,23.99
2025-12-27,SKU-200,STORE-CHI,35,0,23.99
2025-12-27,SKU-300,STORE-NYC,34,0,29.99
2025-12-27,SKU-300,STORE-LA,37,0,29.99
2025-12-27,SKU-300,STORE-CHI,38,0,29.99
2025-12-27,SKU-400,STORE-NYC,25,0,29.99
2025-12-27,SKU-400,STORE-LA,36,0,29.99
2025-12-27,SKU-400,STORE-CHI,32,0,29.99
2025-12-27,SKU-500,STORE-NYC,30,0,33.99
2025-12-27,SKU-500,STORE-LA,40,0,33.99
2025-12-27,SKU-500,STORE-CHI,34,0,33.99
2025-12-28,SKU-100,STORE-NYC,40,0,31.99
2025-12-28,SKU-100,STORE-LA,38,0,31.99
2025-12-28,SKU-100,STORE-CHI,34,0,31.99
2025-12-28,SKU-200,STORE-NYC,31,0,23.99
2025-12-28,SKU-200,STORE-LA,32,0,23.99
2025-12-28,SKU-200,STORE-CHI,29,0,23.99
2025-12-28,SKU-300,STORE-NYC,35,0,29.99
2025-12-28,SKU-300,STORE-LA,38,0,29.99
2025-12-28,SKU-300,STORE-CHI,36,0,29.99
2025-12-28,SKU-400,STORE-NYC,30,0,29.99
2025-12-28,SKU-400,STORE-LA,33,0,29.99
2025-12-28,SKU-400,STORE-CHI,25,0,29.99
2025-12-28,SKU-500,STORE-NYC,30,0,33.99
2025-12-28,SKU-500,STORE-LA,39,0,33.99
2025-12-28,SKU-500,STORE-CHI,39,0,33.99
2025-12-29,SKU-100,STORE-NYC,33,0,31.99
2025-12-29,SKU-100,STORE-LA,30,0,31.99
2025-12-29,SKU-100,STORE-CHI,33,0,31.99
2025-12-29,SKU-200,STORE-NYC,20,0,23.99
2025-12-29,SKU-200,STORE-LA,25,0,23.99
2025-12-29,SKU-200,STORE-CHI,32,1,23.99
2025-12-29,SKU-300,STORE-NYC,35,1,29.99
2025-12-29,SKU-300,STORE-LA,28,0,29.99
2025-12-29,SKU-300,STORE-CHI,28,0,29.99
2025-12-29,SKU-400,STORE-NYC,21,0,29.99
2025-12-29,SKU-400,STORE-LA,27,0,29.99
2025-12-29,SKU-400,STORE-CHI,24,0,29.99
2025-12-29,SKU-500,STORE-NYC,35,1,33.99
2025-12-29,SKU-500,STORE-LA,30,0,33.99
2025-12-29,SKU-500,STORE-CHI,27,0,33.99
2025-12-30,SKU-100,STORE-NYC,34,0,31.99
2025-12-30,SKU-100,STORE-LA,38,0,31.99
2025-12-30,SKU-100,STORE-CHI,34,0,31.99
2025-12-30,SKU-200,STORE-NYC,23,0,23.99
2025-12-30,SKU-200,STORE-LA,24,0,23.99
2025-12-30,SKU-200,STORE-CHI,25,0,23.99
2025-12-30,SKU-300,STORE-NYC,27,0,29.99
2025-12-30,SKU-300,STORE-LA,32,0,29.99
2025-12-30,SKU-300,STORE-CHI,28,0,29.99
2025-12-30,SKU-400,STORE-NYC,17,0,29.99
2025-12-30,SKU-400,STORE-LA,29,0,29.99
2025-12-30,SKU-400,STORE-CHI,23,0,29.99
2025-12-30,SKU-500,STORE-NYC,21,0,33.99
2025-12-30,SKU-500,STORE-LA,32,0,33.99
2025-12-30,SKU-500,STORE-CHI,34,0,33.99
2025-12-31,SKU-100,STORE-NYC,33,0,31.99
2025-12-31,SKU-100,STORE-LA,40,0,31.99
2025-12-31,SKU-100,STORE-CHI,28,0,31.99
2025-12-31,SKU-200,STORE-NYC,20,0,23.99
2025-12-31,SKU-200,STORE-LA,34,1,23.99
2025-12-31,SKU-200,STORE-CHI,24,0,23.99
2025-12-31,SKU-300,STORE-NYC,28,0,29.99
2025-12-31,SKU-300,STORE-LA,29,0,29.99
2025-12-31,SKU-300,STORE-CHI,27,0,29.99
2025-12-31,SKU-400,STORE-NYC,18,0,29.99
2025-12-31,SKU-400,STORE-LA,32,0,29.99
2025-12-31,SKU-400,STORE-CHI,20,0,29.99
2025-12-31,SKU-500,STORE-NYC,22,0,33.99
2025-12-31,SKU-500,STORE-LA,34,0,33.99
2025-12-31,SKU-500,STORE-CHI,32,0,33.99
2026-01-01,SKU-100,STORE-NYC,36,0,31.99
2026-01-01,SKU-100,STORE-LA,36,0,31.99
2026-01-01,SKU-100,STORE-CHI,34,0,31.99
2026-01-01,SKU-200,STORE-NYC,26,0,23.99
2026-01-01,SKU-200,STORE-LA,22,0,23.99
2026-01-01,SKU-200,STORE-CHI,21,0,23.99
2026-01-01,SKU-300,STORE-NYC,27,0,29.99
2026-01-01,SKU-300,STORE-LA,37,0,29.99
2026-01-01,SKU-300,STORE-CHI,34,0,29.99
2026-01-01,SKU-400,STORE-NYC,23,0,29.99
2026-01-01,SKU-400,STORE-LA,27,0,29.99
2026-01-01,SKU-400,STORE-CHI,23,0,29.99
2026-01-01,SKU-500,STORE-NYC,20,0,33.99
2026-01-01,SKU-500,STORE-LA,41,1,33.99
2026-01-01,SKU-500,STORE-CHI,30,0,33.99
2026-01-02,SKU-100,STORE-NYC,30,0,31.99
2026-01-02,SKU-100,STORE-LA,31,0,31.99
2026-01-02,SKU-100,STORE-CHI,32,0,31.99
2026-01-02,SKU-200,STORE-NYC,22,0,23.99
2026-01-02,SKU-200,STORE-LA,26,0,23.99
2026-01-02,SKU-200,STORE-CHI,37,1,23.99
2026-01-02,SKU-300,STORE-NYC,28,0,29.99
2026-01-02,SKU-300,STORE-LA,31,0,29.99
2026-01-02,SKU-300,STORE-CHI,32,0,29.99
2026-01-02,SKU-400,STORE-NYC,20,0,29.99
2026-01-02,SKU-400,STORE-LA,32,0,29.99
2026-01-02,SKU-400,STORE-CHI,22,0,29.99
2026-01-02,SKU-500,STORE-NYC,22,0,33.99
2026-01-02,SKU-500,STORE-LA,25,0,33.99
2026-01-02,SKU-500,STORE-CHI,32,0,33.99
2026-01-03,SKU-100,STORE-NYC,43,0,31.99
2026-01-03,SKU-100,STORE-LA,34,0,31.99
2026-01-03,SKU-100,STORE-CHI,53,1,31.99
2026-01-03,SKU-200,STORE-NYC,22,0,23.99
2026-01-03,SKU-200,STORE-LA,33,0,23.99
2026-01-03,SKU-200,STORE-CHI,30,0,23.99
2026-01-03,SKU-300,STORE-NYC,30,0,29.99
2026-01-03,SKU-300,STORE-LA,37,0,29.99
2026-01-03,SKU-300,STORE-CHI,36,0,29.99
2026-01-03,SKU-400,STORE-NYC,23,0,29.99
2026-01-03,SKU-400,STORE-LA,38,0,29.99
2026-01-03,SKU-400,STORE-CHI,33,0,29.99
2026-01-03,SKU-500,STORE-NYC,29,0,33.99
2026-01-03,SKU-500,STORE-LA,37,0,33.99
2026-01-03,SKU-500,STORE-CHI,36,0,33.99
2026-01-04,SKU-100,STORE-NYC,42,0,31.99
2026-01-04,SKU-100,STORE-LA,44,0,31.99
2026-01-04,SKU-100,STORE-CHI,38,0,31.99
2026-01-04,SKU-200,STORE-NYC,27,0,23.99
2026-01-04,SKU-200,STORE-LA,32,0,23.99
2026-01-04,SKU-200,STORE-CHI,33,0,23.99
2026-01-04,SKU-300,STORE-NYC,33,0,29.99
2026-01-04,SKU-300,STORE-LA,39,0,29.99
2026-01-04,SKU-300,STORE-CHI,35,0,29.99
2026-01-04,SKU-400,STORE-NYC,40,1,29.99
2026-01-04,SKU-400,STORE-LA,32,0,29.99
2026-01-04,SKU-400,STORE-CHI,28,0,29.99
2026-01-04,SKU-500,STORE-NYC,27,0,33.99
2026-01-04,SKU-500,STORE-LA,37,0,33.99
2026-01-04,SKU-500,STORE-CHI,41,0,33.99
2026-01-05,SKU-100,STORE-NYC,36,0,31.99
2026-01-05,SKU-100,STORE-LA,27,0,31.99
2026-01-05,SKU-100,STORE-CHI,45,1,31.99
2026-01-05,SKU-200,STORE-NYC,18,0,23.99
2026-01-05,SKU-200,STORE-LA,27,0,23.99
2026-01-05,SKU-200,STORE-CHI,26,0,23.99
2026-01-05,SKU-300,STORE-NYC,27,0,29.99
2026-01-05,SKU-300,STORE-LA,44,1,29.99
2026-01-05,SKU-300,STORE-CHI,33,0,29.99
2026-01-05,SKU-400,STORE-NYC,24,0,29.99
2026-01-05,SKU-400,STORE-LA,30,0,29.99
2026-01-05,SKU-400,STORE-CHI,26,0,29.99
2026-01-05,SKU-500,STORE-NYC,25,0,33.99
2026-01-05,SKU-500,STORE-LA,32,0,33.99
2026-01-05,SKU-500,STORE-CHI,27,0,33.99
2026-01-06,SKU-100,STORE-NYC,35,0,31.99
2026-01-06,SKU-100,STORE-LA,36,0,31.99
2026-01-06,SKU-100,STORE-CHI,34,0,31.99
2026-01-06,SKU-200,STORE-NYC,23,0,23.99
2026-01-06,SKU-200,STORE-LA,28,0,23.99
2026-01-06,SKU-200,STORE-CHI,42,1,23.99
2026-01-06,SKU-300,STORE-NYC,27,0,29.99
2026-01-06,SKU-300,STORE-LA,33,0,29.99
2026-01-06,SKU-300,STORE-CHI,26,0,29.99
2026-01-06,SKU-400,STORE-NYC,19,0,29.99
2026-01-06,SKU-400,STORE-LA,32,0,29.99
2026-01-06,SKU-400,STORE-CHI,24,0,29.99
2026-01-06,SKU-500,STORE-NYC,25,0,33.99
2026-01-06,SKU-500,STORE-LA,29,0,33.99
2026-01-06,SKU-500,STORE-CHI,29,0,33.99
2026-01-07,SKU-100,STORE-NYC,37,0,31.99
2026-01-07,SKU-100,STORE-LA,34,0,31.99
2026-01-07,SKU-100,STORE-CHI,33,0,31.99
2026-01-07,SKU-200,STORE-NYC,22,0,23.99
2026-01-07,SKU-200,STORE-LA,21,0,23.99
2026-01-07,SKU-200,STORE-CHI,30,0,23.99
2026-01-07,SKU-300,STORE-NYC,26,0,29.99
2026-01-07,SKU-300,STORE-LA,38,0,29.99
2026-01-07,SKU-300,STORE-CHI,30,0,29.99
2026-01-07,SKU-400,STORE-NYC,22,0,29.99
2026-01-07,SKU-400,STORE-LA,34,0,29.99
2026-01-07,SKU-400,STORE-CHI,28,0,29.99
2026-01-07,SKU-500,STORE-NYC,23,0,33.99
2026-01-07,SKU-500,STORE-LA,34,0,33.99
2026-01-07,SKU-500,STORE-CHI,45,1,33.99
2026-01-08,SKU-100,STORE-NYC,35,0,31.99
2026-01-08,SKU-100,STORE-LA,36,0,31.99
2026-01-08,SKU-100,STORE-CHI,31,0,31.99
2026-01-08,SKU-200,STORE-NYC,17,0,23.99
2026-01-08,SKU-200,STORE-LA,26,0,23.99
2026-01-08,SKU-200,STORE-CHI,26,0,23.99
2026-01-08,SKU-300,STORE-NYC,26,0,29.99
2026-01-08,SKU-300,STORE-LA,36,0,29.99
2026-01-08,SKU-300,STORE-CHI,29,0,29.99
2026-01-08,SKU-400,STORE-NYC,25,0,29.99
2026-01-08,SKU-400,STORE-LA,30,0,29.99
2026-01-08,SKU-400,STORE-CHI,26,0,29.99
2026-01-08,SKU-500,STORE-NYC,25,0,33.99
2026-01-08,SKU-500,STORE-LA,32,0,33.99
2026-01-08,SKU-500,STORE-CHI,42,1,33.99
2026-01-09,SKU-100,STORE-NYC,36,0,31.99
2026-01-09,SKU-100,STORE-LA,33,0,31.99
2026-01-09,SKU-100,STORE-CHI,32,0,31.99
2026-01-09,SKU-200,STORE-NYC,19,0,23.99
2026-01-09,SKU-200,STORE-LA,27,0,23.99
2026-01-09,SKU-200,STORE-CHI,26,0,23.99
2026-01-09,SKU-300,STORE-NYC,26,0,29.99
2026-01-09,SKU-300,STORE-LA,50,1,29.99
2026-01-09,SKU-300,STORE-CHI,30,0,29.99
2026-01-09,SKU-400,STORE-NYC,17,0,29.99
2026-01-09,SKU-400,STORE-LA,29,0,29.99
2026-01-09,SKU-400,STORE-CHI,25,0,29.99
2026-01-09,SKU-500,STORE-NYC,23,0,33.99
2026-01-09,SKU-500,STORE-LA,34,0,33.99
2026-01-09,SKU-500,STORE-CHI,26,0,33.99
2026-01-10,SKU-100,STORE-NYC,41,0,31.99
2026-01-10,SKU-100,STORE-LA,43,0,31.99
2026-01-10,SKU-100,STORE-CHI,37,0,31.99
2026-01-10,SKU-200,STORE-NYC,30,0,23.99
2026-01-10,SKU-200,STORE-LA,29,0,23.99
2026-01-10,SKU-200,STORE-CHI,31,0,23.99
2026-01-10,SKU-300,STORE-NYC,30,0,29.99
2026-01-10,SKU-300,STORE-LA,42,0,29.99
2026-01-10,SKU-300,STORE-CHI,36,0,29.99
2026-01-10,SKU-400,STORE-NYC,28,0,29.99
2026-01-10,SKU-400,STORE-LA,37,0,29.99
2026-01-10,SKU-400,STORE-CHI,25,0,29.99
2026-01-10,SKU-500,STORE-NYC,24,0,33.99
2026-01-10,SKU-500,STORE-LA,38,0,33.99
2026-01-10,SKU-500,STORE-CHI,39,0,33.99
2026-01-11,SKU-100,STORE-NYC,39,0,31.99
2026-01-11,SKU-100,STORE-LA,42,0,31.99
2026-01-11,SKU-100,STORE-CHI,35,0,31.99
2026-01-11,SKU-200,STORE-NYC,38,1,23.99
2026-01-11,SKU-200,STORE-LA,31,0,23.99
2026-01-11,SKU-200,STORE-CHI,41,1,23.99
2026-01-11,SKU-300,STORE-NYC,32,0,29.99
2026-01-11,SKU-300,STORE-LA,51,1,29.99
2026-01-11,SKU-300,STORE-CHI,35,0,29.99
2026-01-11,SKU-400,STORE-NYC,24,0,29.99
2026-01-11,SKU-400,STORE-LA,35,0,29.99
2026-01-11,SKU-400,STORE-CHI,30,0,29.99
2026-01-11,SKU-500,STORE-NYC,23,0,33.99
2026-01-11,SKU-500,STORE-LA,36,0,33.99
2026-01-11,SKU-500,STORE-CHI,35,0,33.99
2026-01-12,SKU-100,STORE-NYC,36,0,31.99
2026-01-12,SKU-100,STORE-LA,34,0,31.99
2026-01-12,SKU-100,STORE-CHI,31,0,31.99
2026-01-12,SKU-200,STORE-NYC,19,0,23.99
2026-01-12,SKU-200,STORE-LA,22,0,23.99
2026-01-12,SKU-200,STORE-CHI,27,0,23.99
2026-01-12,SKU-300,STORE-NYC,25,0,29.99
2026-01-12,SKU-300,STORE-LA,34,0,29.99
2026-01-12,SKU-300,STORE-CHI,26,0,29.99
2026-01-12,SKU-400,STORE-NYC,18,0,29.99
2026-01-12,SKU-400,STORE-LA,46,1,29.99
2026-01-12,SKU-400,STORE-CHI,25,0,29.99
2026-01-12,SKU-500,STORE-NYC,19,0,33.99
2026-01-12,SKU-500,STORE-LA,27,0,33.99
2026-01-12,SKU-500,STORE-CHI,29,0,33.99
2026-01-13,SKU-100,STORE-NYC,34,0,31.99
2026-01-13,SKU-100,STORE-LA,33,0,31.99
2026-01-13,SKU-100,STORE-CHI,29,0,31.99
2026-01-13,SKU-200,STORE-NYC,21,0,23.99
2026-01-13,SKU-200,STORE-LA,27,0,23.99
2026-01-13,SKU-200,STORE-CHI,23,0,23.99
2026-01-13,SKU-300,STORE-NYC,22,0,29.99
2026-01-13,SKU-300,STORE-LA,29,0,29.99
2026-01-13,SKU-300,STORE-CHI,29,0,29.99
2026-01-13,SKU-400,STORE-NYC,19,0,29.99
2026-01-13,SKU-400,STORE-LA,32,0,29.99
2026-01-13,SKU-400,STORE-CHI,21,0,29.99
2026-01-13,SKU-500,STORE-NYC,23,0,33.99
2026-01-13,SKU-500,STORE-LA,32,0,33.99
2026-01-13,SKU-500,STORE-CHI,30,0,33.99
2026-01-14,SKU-100,STORE-NYC,35,0,31.99
2026-01-14,SKU-100,STORE-LA,33,0,31.99
2026-01-14,SKU-100,STORE-CHI,33,0,31.99
2026-01-14,SKU-200,STORE-NYC,23,0,23.99
2026-01-14,SKU-200,STORE-LA,25,0,23.99
2026-01-14,SKU-200,STORE-CHI,21,0,23.99
2026-01-14,SKU-300,STORE-NYC,23,0,29.99
2026-01-14,SKU-300,STORE-LA,34,0,29.99
2026-01-14,SKU-300,STORE-CHI,29,0,29.99
2026-01-14,SKU-400,STORE-NYC,25,0,29.99
2026-01-14,SKU-400,STORE-LA,29,0,29.99
2026-01-14,SKU-400,STORE-CHI,27,0,29.99
2026-01-14,SKU-500,STORE-NYC,18,0,33.99
2026-01-14,SKU-500,STORE-LA,36,0,33.99
2026-01-14,SKU-500,STORE-CHI,30,0,33.99
2026-01-15,SKU-100,STORE-NYC,37,0,31.99
2026-01-15,SKU-100,STORE-LA,35,0,31.99
2026-01-15,SKU-100,STORE-CHI,27,0,31.99
2026-01-15,SKU-200,STORE-NYC,18,0,23.99
2026-01-15,SKU-200,STORE-LA,21,0,23.99
2026-01-15,SKU-200,STORE-CHI,28,0,23.99
2026-01-15,SKU-300,STORE-NYC,22,0,29.99
2026-01-15,SKU-300,STORE-LA,32,0,29.99
2026-01-15,SKU-300,STORE-CHI,35,0,29.99
2026-01-15,SKU-400,STORE-NYC,22,0,29.99
2026-01-15,SKU-400,STORE-LA,30,0,29.99
2026-01-15,SKU-400,STORE-CHI,23,0,29.99
2026-01-15,SKU-500,STORE-NYC,23,0,33.99
2026-01-15,SKU-500,STORE-LA,34,0,33.99
2026-01-15,SKU-500,STORE-CHI,42,1,33.99
2026-01-16,SKU-100,STORE-NYC,36,0,31.99
2026-01-16,SKU-100,STORE-LA,30,0,31.99
2026-01-16,SKU-100,STORE-CHI,30,0,31.99
2026-01-16,SKU-200,STORE-NYC,26,0,23.99
2026-01-16,SKU-200,STORE-LA,24,0,23.99
2026-01-16,SKU-200,STORE-CHI,35,1,23.99
2026-01-16,SKU-300,STORE-NYC,26,0,29.99
2026-01-16,SKU-300,STORE-LA,37,0,29.99
2026-01-16,SKU-300,STORE-CHI,28,0,29.99
2026-01-16,SKU-400,STORE-NYC,20,0,29.99
2026-01-16,SKU-400,STORE-LA,33,0,29.99
2026-01-16,SKU-400,STORE-CHI,23,0,29.99
2026-01-16,SKU-500,STORE-NYC,27,0,33.99
2026-01-16,SKU-500,STORE-LA,35,0,33.99
2026-01-16,SKU-500,STORE-CHI,41,1,33.99
2026-01-17,SKU-100,STORE-NYC,40,0,31.99
2026-01-17,SKU-100,STORE-LA,38,0,31.99
2026-01-17,SKU-100,STORE-CHI,36,0,31.99
2026-01-17,SKU-200,STORE-NYC,33,0,23.99
2026-01-17,SKU-200,STORE-LA,46,1,23.99
2026-01-17,SKU-200,STORE-CHI,24,0,23.99
2026-01-17,SKU-300,STORE-NYC,32,0,29.99
2026-01-17,SKU-300,STORE-LA,35,0,29.99
2026-01-17,SKU-300,STORE-CHI,36,0,29.99
2026-01-17,SKU-400,STORE-NYC,31,0,29.99
2026-01-17,SKU-400,STORE-LA,37,0,29.99
2026-01-17,SKU-400,STORE-CHI,26,0,29.99
2026-01-17,SKU-500,STORE-NYC,25,0,33.99
2026-01-17,SKU-500,STORE-LA,41,0,33.99
2026-01-17,SKU-500,STORE-CHI,37,0,33.99
2026-01-18,SKU-100,STORE-NYC,41,0,31.99
2026-01-18,SKU-100,STORE-LA,37,0,31.99
2026-01-18,SKU-100,STORE-CHI,38,0,31.99
2026-01-18,SKU-200,STORE-NYC,27,0,23.99
2026-01-18,SKU-200,STORE-LA,30,0,23.99
2026-01-18,SKU-200,STORE-CHI,32,0,23.99
2026-01-18,SKU-300,STORE-NYC,47,1,29.99
2026-01-18,SKU-300,STORE-LA,37,0,29.99
2026-01-18,SKU-300,STORE-CHI,35,0,29.99
2026-01-18,SKU-400,STORE-NYC,31,0,29.99
2026-01-18,SKU-400,STORE-LA,37,0,29.99
2026-01-18,SKU-400,STORE-CHI,24,0,29.99
2026-01-18,SKU-500,STORE-NYC,25,0,33.99
2026-01-18,SKU-500,STORE-LA,41,0,33.99
2026-01-18,SKU-500,STORE-CHI,31,0,33.99
2026-01-19,SKU-100,STORE-NYC,39,0,31.99
2026-01-19,SKU-100,STORE-LA,36,0,31.99
2026-01-19,SKU-100,STORE-CHI,30,0,31.99
2026-01-19,SKU-200,STORE-NYC,24,0,23.99
2026-01-19,SKU-200,STORE-LA,26,0,23.99
2026-01-19,SKU-200,STORE-CHI,25,0,23.99
2026-01-19,SKU-300,STORE-NYC,27,0,29.99
2026-01-19,SKU-300,STORE-LA,30,0,29.99
2026-01-19,SKU-300,STORE-CHI,28,0,29.99
2026-01-19,SKU-400,STORE-NYC,25,0,29.99
2026-01-19,SKU-400,STORE-LA,32,0,29.99
2026-01-19,SKU-400,STORE-CHI,21,0,29.99
2026-01-19,SKU-500,STORE-NYC,29,0,33.99
2026-01-19,SKU-500,STORE-LA,30,0,33.99
2026-01-19,SKU-500,STORE-CHI,29,0,33.99
2026-01-20,SKU-100,STORE-NYC,37,0,31.99
2026-01-20,SKU-100,STORE-LA,34,0,31.99
2026-01-20,SKU-100,STORE-CHI,33,0,31.99
2026-01-20,SKU-200,STORE-NYC,23,0,23.99
2026-01-20,SKU-200,STORE-LA,23,0,23.99
2026-01-20,SKU-200,STORE-CHI,29,0,23.99
2026-01-20,SKU-300,STORE-NYC,30,0,29.99
2026-01-20,SKU-300,STORE-LA,33,0,29.99
2026-01-20,SKU-300,STORE-CHI,28,0,29.99
2026-01-20,SKU-400,STORE-NYC,21,0,29.99
2026-01-20,SKU-400,STORE-LA,35,0,29.99
2026-01-20,SKU-400,STORE-CHI,26,0,29.99
2026-01-20,SKU-500,STORE-NYC,22,0,33.99
2026-01-20,SKU-500,STORE-LA,32,0,33.99
2026-01-20,SKU-500,STORE-CHI,34,0,33.99
2026-01-21,SKU-100,STORE-NYC,35,0,31.99
2026-01-21,SKU-100,STORE-LA,38,0,31.99
2026-01-21,SKU-100,STORE-CHI,36,0,31.99
2026-01-21,SKU-200,STORE-NYC,21,0,23.99
2026-01-21,SKU-200,STORE-LA,26,0,23.99
2026-01-21,SKU-200,STORE-CHI,26,0,23.99
2026-01-21,SKU-300,STORE-NYC,42,1,29.99
2026-01-21,SKU-300,STORE-LA,37,0,29.99
2026-01-21,SKU-300,STORE-CHI,27,0,29.99
2026-01-21,SKU-400,STORE-NYC,19,0,29.99
2026-01-21,SKU-400,STORE-LA,28,0,29.99
2026-01-21,SKU-400,STORE-CHI,24,0,29.99
2026-01-21,SKU-500,STORE-NYC,25,0,33.99
2026-01-21,SKU-500,STORE-LA,42,1,33.99
2026-01-21,SKU-500,STORE-CHI,31,0,33.99
2026-01-22,SKU-100,STORE-NYC,35,0,31.99
2026-01-22,SKU-100,STORE-LA,34,0,31.99
2026-01-22,SKU-100,STORE-CHI,32,0,31.99
2026-01-22,SKU-200,STORE-NYC,20,0,23.99
2026-01-22,SKU-200,STORE-LA,31,0,23.99
2026-01-22,SKU-200,STORE-CHI,29,0,23.99
2026-01-22,SKU-300,STORE-NYC,27,0,29.99
2026-01-22,SKU-300,STORE-LA,31,0,29.99
2026-01-22,SKU-300,STORE-CHI,29,0,29.99
2026-01-22,SKU-400,STORE-NYC,20,0,29.99
2026-01-22,SKU-400,STORE-LA,32,0,29.99
2026-01-22,SKU-400,STORE-CHI,23,0,29.99
2026-01-22,SKU-500,STORE-NYC,25,0,33.99
2026-01-22,SKU-500,STORE-LA,34,0,33.99
2026-01-22,SKU-500,STORE-CHI,36,0,33.99
2026-01-23,SKU-100,STORE-NYC,34,0,31.99
2026-01-23,SKU-100,STORE-LA,32,0,31.99
2026-01-23,SKU-100,STORE-CHI,30,0,31.99
2026-01-23,SKU-200,STORE-NYC,20,0,23.99
2026-01-23,SKU-200,STORE-LA,25,0,23.99
2026-01-23,SKU-200,STORE-CHI,29,0,23.99
2026-01-23,SKU-300,STORE-NYC,31,0,29.99
2026-01-23,SKU-300,STORE-LA,35,0,29.99
2026-01-23,SKU-300,STORE-CHI,28,0,29.99
2026-01-23,SKU-400,STORE-NYC,37,1,29.99
2026-01-23,SKU-400,STORE-LA,33,0,29.99
2026-01-23,SKU-400,STORE-CHI,24,0,29.99
2026-01-23,SKU-500,STORE-NYC,21,0,33.99
2026-01-23,SKU-500,STORE-LA,31,0,33.99
2026-01-23,SKU-500,STORE-CHI,30,0,33.99
2026-01-24,SKU-100,STORE-NYC,43,0,31.99
2026-01-24,SKU-100,STORE-LA,37,0,31.99
2026-01-24,SKU-100,STORE-CHI,41,0,31.99
2026-01-24,SKU-200,STORE-NYC,29,0,23.99
2026-01-24,SKU-200,STORE-LA,30,0,23.99
2026-01-24,SKU-200,STORE-CHI,31,0,23.99
2026-01-24,SKU-300,STORE-NYC,38,0,29.99
2026-01-24,SKU-300,STORE-LA,34,0,29.99
2026-01-24,SKU-300,STORE-CHI,34,0,29.99
2026-01-24,SKU-400,STORE-NYC,27,0,29.99
2026-01-24,SKU-400,STORE-LA,38,0,29.99
2026-01-24,SKU-400,STORE-CHI,31,0,29.99
2026-01-24,SKU-500,STORE-NYC,28,0,33.99
2026-01-24,SKU-500,STORE-LA,37,0,33.99
2026-01-24,SKU-500,STORE-CHI,36,0,33.99
2026-01-25,SKU-100,STORE-NYC,44,0,31.99
2026-01-25,SKU-100,STORE-LA,37,0,31.99
2026-01-25,SKU-100,STORE-CHI,39,0,31.99
2026-01-25,SKU-200,STORE-NYC,34,0,23.99
2026-01-25,SKU-200,STORE-LA,32,0,23.99
2026-01-25,SKU-200,STORE-CHI,33,0,23.99
2026-01-25,SKU-300,STORE-NYC,48,1,29.99
2026-01-25,SKU-300,STORE-LA,42,0,29.99
2026-01-25,SKU-300,STORE-CHI,34,0,29.99
2026-01-25,SKU-400,STORE-NYC,29,0,29.99
2026-01-25,SKU-400,STORE-LA,35,0,29.99
2026-01-25,SKU-400,STORE-CHI,30,0,29.99
2026-01-25,SKU-500,STORE-NYC,27,0,33.99
2026-01-25,SKU-500,STORE-LA,40,0,33.99
2026-01-25,SKU-500,STORE-CHI,40,0,33.99
2026-01-26,SKU-100,STORE-NYC,36,0,31.99
2026-01-26,SKU-100,STORE-LA,32,0,31.99
2026-01-26,SKU-100,STORE-CHI,37,0,31.99
2026-01-26,SKU-200,STORE-NYC,27,0,23.99
2026-01-26,SKU-200,STORE-LA,22,0,23.99
2026-01-26,SKU-200,STORE-CHI,32,0,23.99
2026-01-26,SKU-300,STORE-NYC,25,0,29.99
2026-01-26,SKU-300,STORE-LA,45,1,29.99
2026-01-26,SKU-300,STORE-CHI,29,0,29.99
2026-01-26,SKU-400,STORE-NYC,24,0,29.99
2026-01-26,SKU-400,STORE-LA,29,0,29.99
2026-01-26,SKU-400,STORE-CHI,23,0,29.99
2026-01-26,SKU-500,STORE-NYC,28,0,33.99
2026-01-26,SKU-500,STORE-LA,32,0,33.99
2026-01-26,SKU-500,STORE-CHI,33,0,33.99
2026-01-27,SKU-100,STORE-NYC,33,0,31.99
2026-01-27,SKU-100,STORE-LA,35,0,31.99
2026-01-27,SKU-100,STORE-CHI,30,0,31.99
2026-01-27,SKU-200,STORE-NYC,19,0,23.99
2026-01-27,SKU-200,STORE-LA,23,0,23.99
2026-01-27,SKU-200,STORE-CHI,29,0,23.99
2026-01-27,SKU-300,STORE-NYC,28,0,29.99
2026-01-27,SKU-300,STORE-LA,34,0,29.99
2026-01-27,SKU-300,STORE-CHI,27,0,29.99
2026-01-27,SKU-400,STORE-NYC,23,0,29.99
2026-01-27,SKU-400,STORE-LA,35,0,29.99
2026-01-27,SKU-400,STORE-CHI,26,0,29.99
2026-01-27,SKU-500,STORE-NYC,39,1,33.99
2026-01-27,SKU-500,STORE-LA,33,0,33.99
2026-01-27,SKU-500,STORE-CHI,32,0,33.99
2026-01-28,SKU-100,STORE-NYC,35,0,31.99
2026-01-28,SKU-100,STORE-LA,32,0,31.99
2026-01-28,SKU-100,STORE-CHI,35,0,31.99
2026-01-28,SKU-200,STORE-NYC,32,1,23.99
2026-01-28,SKU-200,STORE-LA,26,0,23.99
2026-01-28,SKU-200,STORE-CHI,29,0,23.99
2026-01-28,SKU-300,STORE-NYC,27,0,29.99
2026-01-28,SKU-300,STORE-LA,35,0,29.99
2026-01-28,SKU-300,STORE-CHI,28,0,29.99
2026-01-28,SKU-400,STORE-NYC,25,0,29.99
2026-01-28,SKU-400,STORE-LA,30,0,29.99
2026-01-28,SKU-400,STORE-CHI,20,0,29.99
2026-01-28,SKU-500,STORE-NYC,22,0,33.99
2026-01-28,SKU-500,STORE-LA,32,0,33.99
2026-01-28,SKU-500,STORE-CHI,31,0,33.99
2026-01-29,SKU-100,STORE-NYC,37,0,31.99
2026-01-29,SKU-100,STORE-LA,31,0,31.99
2026-01-29,SKU-100,STORE-CHI,37,0,31.99
2026-01-29,SKU-200,STORE-NYC,25,0,23.99
2026-01-29,SKU-200,STORE-LA,28,0,23.99
2026-01-29,SKU-200,STORE-CHI,29,0,23.99
2026-01-29,SKU-300,STORE-NYC,22,0,29.99
2026-01-29,SKU-300,STORE-LA,33,0,29.99
2026-01-29,SKU-300,STORE-CHI,34,0,29.99
2026-01-29,SKU-400,STORE-NYC,21,0,29.99
2026-01-29,SKU-400,STORE-LA,34,0,29.99
2026-01-29,SKU-400,STORE-CHI,27,0,29.99
2026-01-29,SKU-500,STORE-NYC,22,0,33.99
2026-01-29,SKU-500,STORE-LA,31,0,33.99
2026-01-29,SKU-500,STORE-CHI,31,0,33.99
2026-01-30,SKU-100,STORE-NYC,35,0,31.99
2026-01-30,SKU-100,STORE-LA,34,0,31.99
2026-01-30,SKU-100,STORE-CHI,36,0,31.99
2026-01-30,SKU-200,STORE-NYC,37,1,23.99
2026-01-30,SKU-200,STORE-LA,28,0,23.99
2026-01-30,SKU-200,STORE-CHI,25,0,23.99
2026-01-30,SKU-300,STORE-NYC,26,0,29.99
2026-01-30,SKU-300,STORE-LA,34,0,29.99
2026-01-30,SKU-300,STORE-CHI,27,0,29.99
2026-01-30,SKU-400,STORE-NYC,17,0,29.99
2026-01-30,SKU-400,STORE-LA,28,0,29.99
2026-01-30,SKU-400,STORE-CHI,23,0,29.99
2026-01-30,SKU-500,STORE-NYC,26,0,33.99
2026-01-30,SKU-500,STORE-LA,37,0,33.99
2026-01-30,SKU-500,STORE-CHI,34,0,33.99
2026-01-31,SKU-100,STORE-NYC,41,0,31.99
2026-01-31,SKU-100,STORE-LA,46,0,31.99
2026-01-31,SKU-100,STORE-CHI,37,0,31.99
2026-01-31,SKU-200,STORE-NYC,39,1,23.99
2026-01-31,SKU-200,STORE-LA,31,0,23.99
2026-01-31,SKU-200,STORE-CHI,36,0,23.99
2026-01-31,SKU-300,STORE-NYC,33,0,29.99
2026-01-31,SKU-300,STORE-LA,41,0,29.99
2026-01-31,SKU-300,STORE-CHI,34,0,29.99
2026-01-31,SKU-400,STORE-NYC,29,0,29.99
2026-01-31,SKU-400,STORE-LA,40,0,29.99
2026-01-31,SKU-400,STORE-CHI,29,0,29.99
2026-01-31,SKU-500,STORE-NYC,25,0,33.99
2026-01-31,SKU-500,STORE-LA,41,0,33.99
2026-01-31,SKU-500,STORE-CHI,42,0,33.99
2026-02-01,SKU-100,STORE-NYC,40,0,31.99
2026-02-01,SKU-100,STORE-LA,40,0,31.99
2026-02-01,SKU-100,STORE-CHI,40,0,31.99
2026-02-01,SKU-200,STORE-NYC,30,0,23.99
2026-02-01,SKU-200,STORE-LA,32,0,23.99
2026-02-01,SKU-200,STORE-CHI,37,0,23.99
2026-02-01,SKU-300,STORE-NYC,33,0,29.99
2026-02-01,SKU-300,STORE-LA,39,0,29.99
2026-02-01,SKU-300,STORE-CHI,38,0,29.99
2026-02-01,SKU-400,STORE-NYC,28,0,29.99
2026-02-01,SKU-400,STORE-LA,32,0,29.99
2026-02-01,SKU-400,STORE-CHI,29,0,29.99
2026-02-01,SKU-500,STORE-NYC,34,0,33.99
2026-02-01,SKU-500,STORE-LA,42,0,33.99
2026-02-01,SKU-500,STORE-CHI,38,0,33.99
2026-02-02,SKU-100,STORE-NYC,37,0,31.99
2026-02-02,SKU-100,STORE-LA,32,0,31.99
2026-02-02,SKU-100,STORE-CHI,31,0,31.99
2026-02-02,SKU-200,STORE-NYC,19,0,23.99
2026-02-02,SKU-200,STORE-LA,25,0,23.99
2026-02-02,SKU-200,STORE-CHI,27,0,23.99
2026-02-02,SKU-300,STORE-NYC,22,0,29.99
2026-02-02,SKU-300,STORE-LA,33,0,29.99
2026-02-02,SKU-300,STORE-CHI,30,0,29.99
2026-02-02,SKU-400,STORE-NYC,31,1,29.99
2026-02-02,SKU-400,STORE-LA,31,0,29.99
2026-02-02,SKU-400,STORE-CHI,22,0,29.99
2026-02-02,SKU-500,STORE-NYC,26,0,33.99
2026-02-02,SKU-500,STORE-LA,32,0,33.99
2026-02-02,SKU-500,STORE-CHI,31,0,33.99
2026-02-03,SKU-100,STORE-NYC,33,0,31.99
2026-02-03,SKU-100,STORE-LA,35,0,31.99
2026-02-03,SKU-100,STORE-CHI,40,1,31.99
2026-02-03,SKU-200,STORE-NYC,24,0,23.99
2026-02-03,SKU-200,STORE-LA,27,0,23.99
2026-02-03,SKU-200,STORE-CHI,23,0,23.99
2026-02-03,SKU-300,STORE-NYC,39,1,29.99
2026-02-03,SKU-300,STORE-LA,34,0,29.99
2026-02-03,SKU-300,STORE-CHI,36,0,29.99
2026-02-03,SKU-400,STORE-NYC,36,1,29.99
2026-02-03,SKU-400,STORE-LA,32,0,29.99
2026-02-03,SKU-400,STORE-CHI,19,0,29.99
2026-02-03,SKU-500,STORE-NYC,17,0,33.99
2026-02-03,SKU-500,STORE-LA,36,0,33.99
2026-02-03,SKU-500,STORE-CHI,34,0,33.99
2026-02-04,SKU-100,STORE-NYC,34,0,31.99
2026-02-04,SKU-100,STORE-LA,31,0,31.99
2026-02-04,SKU-100,STORE-CHI,32,0,31.99
2026-02-04,SKU-200,STORE-NYC,20,0,23.99
2026-02-04,SKU-200,STORE-LA,25,0,23.99
2026-02-04,SKU-200,STORE-CHI,27,0,23.99
2026-02-04,SKU-300,STORE-NYC,28,0,29.99
2026-02-04,SKU-300,STORE-LA,31,0,29.99
2026-02-04,SKU-300,STORE-CHI,30,0,29.99
2026-02-04,SKU-400,STORE-NYC,20,0,29.99
2026-02-04,SKU-400,STORE-LA,33,0,29.99
2026-02-04,SKU-400,STORE-CHI,27,0,29.99
2026-02-04,SKU-500,STORE-NYC,26,0,33.99
2026-02-04,SKU-500,STORE-LA,33,0,33.99
2026-02-04,SKU-500,STORE-CHI,31,0,33.99
2026-02-05,SKU-100,STORE-NYC,39,0,31.99
2026-02-05,SKU-100,STORE-LA,35,0,31.99
2026-02-05,SKU-100,STORE-CHI,44,1,31.99
2026-02-05,SKU-200,STORE-NYC,20,0,23.99
2026-02-05,SKU-200,STORE-LA,26,0,23.99
2026-02-05,SKU-200,STORE-CHI,26,0,23.99
2026-02-05,SKU-300,STORE-NYC,29,0,29.99
2026-02-05,SKU-300,STORE-LA,30,0,29.99
2026-02-05,SKU-300,STORE-CHI,29,0,29.99
2026-02-05,SKU-400,STORE-NYC,20,0,29.99
2026-02-05,SKU-400,STORE-LA,31,0,29.99
2026-02-05,SKU-400,STORE-CHI,22,0,29.99
2026-02-05,SKU-500,STORE-NYC,40,1,33.99
2026-02-05,SKU-500,STORE-LA,31,0,33.99
2026-02-05,SKU-500,STORE-CHI,29,0,33.99
2026-02-06,SKU-100,STORE-NYC,37,0,31.99
2026-02-06,SKU-100,STORE-LA,32,0,31.99
2026-02-06,SKU-100,STORE-CHI,29,0,31.99
2026-02-06,SKU-200,STORE-NYC,24,0,23.99
2026-02-06,SKU-200,STORE-LA,27,0,23.99
2026-02-06,SKU-200,STORE-CHI,28,0,23.99
2026-02-06,SKU-300,STORE-NYC,26,0,29.99
2026-02-06,SKU-300,STORE-LA,36,0,29.99
2026-02-06,SKU-300,STORE-CHI,29,0,29.99
2026-02-06,SKU-400,STORE-NYC,23,0,29.99
2026-02-06,SKU-400,STORE-LA,33,0,29.99
2026-02-06,SKU-400,STORE-CHI,28,0,29.99
2026-02-06,SKU-500,STORE-NYC,21,0,33.99
2026-02-06,SKU-500,STORE-LA,33,0,33.99
2026-02-06,SKU-500,STORE-CHI,33,0,33.99
2026-02-07,SKU-100,STORE-NYC,43,0,31.99
2026-02-07,SKU-100,STORE-LA,39,0,31.99
2026-02-07,SKU-100,STORE-CHI,36,0,31.99
2026-02-07,SKU-200,STORE-NYC,27,0,23.99
2026-02-07,SKU-200,STORE-LA,32,0,23.99
2026-02-07,SKU-200,STORE-CHI,32,0,23.99
2026-02-07,SKU-300,STORE-NYC,41,0,29.99
2026-02-07,SKU-300,STORE-LA,46,0,29.99
2026-02-07,SKU-300,STORE-CHI,35,0,29.99
2026-02-07,SKU-400,STORE-NYC,26,0,29.99
2026-02-07,SKU-400,STORE-LA,38,0,29.99
2026-02-07,SKU-400,STORE-CHI,27,0,29.99
2026-02-07,SKU-500,STORE-NYC,29,0,33.99
2026-02-07,SKU-500,STORE-LA,41,0,33.99
2026-02-07,SKU-500,STORE-CHI,40,0,33.99
2026-02-08,SKU-100,STORE-NYC,41,0,31.99
2026-02-08,SKU-100,STORE-LA,39,0,31.99
2026-02-08,SKU-100,STORE-CHI,40,0,31.99
2026-02-08,SKU-200,STORE-NYC,30,0,23.99
2026-02-08,SKU-200,STORE-LA,33,0,23.99
2026-02-08,SKU-200,STORE-CHI,31,0,23.99
2026-02-08,SKU-300,STORE-NYC,34,0,29.99
2026-02-08,SKU-300,STORE-LA,41,0,29.99
2026-02-08,SKU-300,STORE-CHI,34,0,29.99
2026-02-08,SKU-400,STORE-NYC,27,0,29.99
2026-02-08,SKU-400,STORE-LA,42,0,29.99
2026-02-08,SKU-400,STORE-CHI,28,0,29.99
2026-02-08,SKU-500,STORE-NYC,30,0,33.99
2026-02-08,SKU-500,STORE-LA,38,0,33.99
2026-02-08,SKU-500,STORE-CHI,35,0,33.99
2026-02-09,SKU-100,STORE-NYC,35,0,31.99
2026-02-09,SKU-100,STORE-LA,46,1,31.99
2026-02-09,SKU-100,STORE-CHI,36,0,31.99
2026-02-09,SKU-200,STORE-NYC,21,0,23.99
2026-02-09,SKU-200,STORE-LA,26,0,23.99
2026-02-09,SKU-200,STORE-CHI,25,0,23.99
2026-02-09,SKU-300,STORE-NYC,37,1,29.99
2026-02-09,SKU-300,STORE-LA,33,0,29.99
2026-02-09,SKU-300,STORE-CHI,28,0,29.99
2026-02-09,SKU-400,STORE-NYC,20,0,29.99
2026-02-09,SKU-400,STORE-LA,43,1,29.99
2026-02-09,SKU-400,STORE-CHI,23,0,29.99
2026-02-09,SKU-500,STORE-NYC,24,0,33.99
2026-02-09,SKU-500,STORE-LA,32,0,33.99
2026-02-09,SKU-500,STORE-CHI,33,0,33.99
2026-02-10,SKU-100,STORE-NYC,30,0,31.99
2026-02-10,SKU-100,STORE-LA,35,0,31.99
2026-02-10,SKU-100,STORE-CHI,34,0,31.99
2026-02-10,SKU-200,STORE-NYC,22,0,23.99
2026-02-10,SKU-200,STORE-LA,28,0,23.99
2026-02-10,SKU-200,STORE-CHI,20,0,23.99
2026-02-10,SKU-300,STORE-NYC,24,0,29.99
2026-02-10,SKU-300,STORE-LA,36,0,29.99
2026-02-10,SKU-300,STORE-CHI,28,0,29.99
2026-02-10,SKU-400,STORE-NYC,24,0,29.99
2026-02-10,SKU-400,STORE-LA,33,0,29.99
2026-02-10,SKU-400,STORE-CHI,37,1,29.99
2026-02-10,SKU-500,STORE-NYC,24,0,33.99
2026-02-10,SKU-500,STORE-LA,33,0,33.99
2026-02-10,SKU-500,STORE-CHI,28,0,33.99
2026-02-11,SKU-100,STORE-NYC,35,0,31.99
2026-02-11,SKU-100,STORE-LA,34,0,31.99
2026-02-11,SKU-100,STORE-CHI,35,0,31.99
2026-02-11,SKU-200,STORE-NYC,33,1,23.99
2026-02-11,SKU-200,STORE-LA,30,0,23.99
2026-02-11,SKU-200,STORE-CHI,24,0,23.99
2026-02-11,SKU-300,STORE-NYC,41,1,29.99
2026-02-11,SKU-300,STORE-LA,33,0,29.99
2026-02-11,SKU-300,STORE-CHI,31,0,29.99
2026-02-11,SKU-400,STORE-NYC,18,0,29.99
2026-02-11,SKU-400,STORE-LA,32,0,29.99
2026-02-11,SKU-400,STORE-CHI,25,0,29.99
2026-02-11,SKU-500,STORE-NYC,25,0,33.99
2026-02-11,SKU-500,STORE-LA,31,0,33.99
2026-02-11,SKU-500,STORE-CHI,36,0,33.99
2026-02-12,SKU-100,STORE-NYC,35,0,31.99
2026-02-12,SKU-100,STORE-LA,37,0,31.99
2026-02-12,SKU-100,STORE-CHI,33,0,31.99
2026-02-12,SKU-200,STORE-NYC,23,0,23.99
2026-02-12,SKU-200,STORE-LA,19,0,23.99
2026-02-12,SKU-200,STORE-CHI,28,0,23.99
2026-02-12,SKU-300,STORE-NYC,28,0,29.99
2026-02-12,SKU-300,STORE-LA,30,0,29.99
2026-02-12,SKU-300,STORE-CHI,35,0,29.99
2026-02-12,SKU-400,STORE-NYC,21,0,29.99
2026-02-12,SKU-400,STORE-LA,31,0,29.99
2026-02-12,SKU-400,STORE-CHI,23,0,29.99
2026-02-12,SKU-500,STORE-NYC,22,0,33.99
2026-02-12,SKU-500,STORE-LA,30,0,33.99
2026-02-12,SKU-500,STORE-CHI,28,0,33.99
2026-02-13,SKU-100,STORE-NYC,38,0,31.99
2026-02-13,SKU-100,STORE-LA,35,0,31.99
2026-02-13,SKU-100,STORE-CHI,34,0,31.99
2026-02-13,SKU-200,STORE-NYC,24,0,23.99
2026-02-13,SKU-200,STORE-LA,25,0,23.99
2026-02-13,SKU-200,STORE-CHI,27,0,23.99
2026-02-13,SKU-300,STORE-NYC,26,0,29.99
2026-02-13,SKU-300,STORE-LA,32,0,29.99
2026-02-13,SKU-300,STORE-CHI,30,0,29.99
2026-02-13,SKU-400,STORE-NYC,22,0,29.99
2026-02-13,SKU-400,STORE-LA,35,0,29.99
2026-02-13,SKU-400,STORE-CHI,23,0,29.99
2026-02-13,SKU-500,STORE-NYC,25,0,33.99
2026-02-13,SKU-500,STORE-LA,34,0,33.99
2026-02-13,SKU-500,STORE-CHI,41,1,33.99
2026-02-14,SKU-100,STORE-NYC,44,0,31.99
2026-02-14,SKU-100,STORE-LA,41,0,31.99
2026-02-14,SKU-100,STORE-CHI,41,0,31.99
2026-02-14,SKU-200,STORE-NYC,30,0,23.99
2026-02-14,SKU-200,STORE-LA,34,0,23.99
2026-02-14,SKU-200,STORE-CHI,32,0,23.99
2026-02-14,SKU-300,STORE-NYC,38,0,29.99
2026-02-14,SKU-300,STORE-LA,38,0,29.99
2026-02-14,SKU-300,STORE-CHI,41,0,29.99
2026-02-14,SKU-400,STORE-NYC,30,0,29.99
2026-02-14,SKU-400,STORE-LA,40,0,29.99
2026-02-14,SKU-400,STORE-CHI,28,0,29.99
2026-02-14,SKU-500,STORE-NYC,36,0,33.99
2026-02-14,SKU-500,STORE-LA,39,0,33.99
2026-02-14,SKU-500,STORE-CHI,36,0,33.99
2026-02-15,SKU-100,STORE-NYC,39,0,31.99
2026-02-15,SKU-100,STORE-LA,45,0,31.99
2026-02-15,SKU-100,STORE-CHI,36,0,31.99
2026-02-15,SKU-200,STORE-NYC,28,0,23.99
2026-02-15,SKU-200,STORE-LA,27,0,23.99
2026-02-15,SKU-200,STORE-CHI,32,0,23.99
2026-02-15,SKU-300,STORE-NYC,33,0,29.99
2026-02-15,SKU-300,STORE-LA,41,0,29.99
2026-02-15,SKU-300,STORE-CHI,38,0,29.99
2026-02-15,SKU-400,STORE-NYC,26,0,29.99
2026-02-15,SKU-400,STORE-LA,39,0,29.99
2026-02-15,SKU-400,STORE-CHI,34,0,29.99
2026-02-15,SKU-500,STORE-NYC,37,0,33.99
2026-02-15,SKU-500,STORE-LA,43,0,33.99
2026-02-15,SKU-500,STORE-CHI,33,0,33.99
2026-02-16,SKU-100,STORE-NYC,36,0,31.99
2026-02-16,SKU-100,STORE-LA,36,0,31.99
2026-02-16,SKU-100,STORE-CHI,31,0,31.99
2026-02-16,SKU-200,STORE-NYC,23,0,23.99
2026-02-16,SKU-200,STORE-LA,26,0,23.99
2026-02-16,SKU-200,STORE-CHI,25,0,23.99
2026-02-16,SKU-300,STORE-NYC,43,1,29.99
2026-02-16,SKU-300,STORE-LA,33,0,29.99
2026-02-16,SKU-300,STORE-CHI,29,0,29.99
2026-02-16,SKU-400,STORE-NYC,22,0,29.99
2026-02-16,SKU-400,STORE-LA,33,0,29.99
2026-02-16,SKU-400,STORE-CHI,21,0,29.99
2026-02-16,SKU-500,STORE-NYC,24,0,33.99
2026-02-16,SKU-500,STORE-LA,30,0,33.99
2026-02-16,SKU-500,STORE-CHI,35,0,33.99
2026-02-17,SKU-100,STORE-NYC,36,0,31.99
2026-02-17,SKU-100,STORE-LA,36,0,31.99
2026-02-17,SKU-100,STORE-CHI,35,0,31.99
2026-02-17,SKU-200,STORE-NYC,23,0,23.99
2026-02-17,SKU-200,STORE-LA,25,0,23.99
2026-02-17,SKU-200,STORE-CHI,30,0,23.99
2026-02-17,SKU-300,STORE-NYC,26,0,29.99
2026-02-17,SKU-300,STORE-LA,35,0,29.99
2026-02-17,SKU-300,STORE-CHI,30,0,29.99
2026-02-17,SKU-400,STORE-NYC,27,0,29.99
2026-02-17,SKU-400,STORE-LA,30,0,29.99
2026-02-17,SKU-400,STORE-CHI,21,0,29.99
2026-02-17,SKU-500,STORE-NYC,25,0,33.99
2026-02-17,SKU-500,STORE-LA,35,0,33.99
2026-02-17,SKU-500,STORE-CHI,34,0,33.99
2026-02-18,SKU-100,STORE-NYC,36,0,31.99
2026-02-18,SKU-100,STORE-LA,34,0,31.99
2026-02-18,SKU-100,STORE-CHI,43,1,31.99
2026-02-18,SKU-200,STORE-NYC,25,0,23.99
2026-02-18,SKU-200,STORE-LA,30,0,23.99
2026-02-18,SKU-200,STORE-CHI,29,0,23.99
2026-02-18,SKU-300,STORE-NYC,33,0,29.99
2026-02-18,SKU-300,STORE-LA,51,1,29.99
2026-02-18,SKU-300,STORE-CHI,35,0,29.99
2026-02-18,SKU-400,STORE-NYC,21,0,29.99
2026-02-18,SKU-400,STORE-LA,33,0,29.99
2026-02-18,SKU-400,STORE-CHI,22,0,29.99
2026-02-18,SKU-500,STORE-NYC,22,0,33.99
2026-02-18,SKU-500,STORE-LA,31,0,33.99
2026-02-18,SKU-500,STORE-CHI,36,0,33.99
2026-02-19,SKU-100,STORE-NYC,36,0,31.99
2026-02-19,SKU-100,STORE-LA,33,0,31.99
2026-02-19,SKU-100,STORE-CHI,34,0,31.99
2026-02-19,SKU-200,STORE-NYC,24,0,23.99
2026-02-19,SKU-200,STORE-LA,25,0,23.99
2026-02-19,SKU-200,STORE-CHI,25,0,23.99
2026-02-19,SKU-300,STORE-NYC,27,0,29.99
2026-02-19,SKU-300,STORE-LA,36,0,29.99
2026-02-19,SKU-300,STORE-CHI,25,0,29.99
2026-02-19,SKU-400,STORE-NYC,14,0,29.99
2026-02-19,SKU-400,STORE-LA,34,0,29.99
2026-02-19,SKU-400,STORE-CHI,26,0,29.99
2026-02-19,SKU-500,STORE-NYC,36,1,33.99
2026-02-19,SKU-500,STORE-LA,34,0,33.99
2026-02-19,SKU-500,STORE-CHI,35,0,33.99
2026-02-20,SKU-100,STORE-NYC,36,0,31.99
2026-02-20,SKU-100,STORE-LA,31,0,31.99
2026-02-20,SKU-100,STORE-CHI,36,0,31.99
2026-02-20,SKU-200,STORE-NYC,28,0,23.99
2026-02-20,SKU-200,STORE-LA,27,0,23.99
2026-02-20,SKU-200,STORE-CHI,26,0,23.99
2026-02-20,SKU-300,STORE-NYC,28,0,29.99
2026-02-20,SKU-300,STORE-LA,35,0,29.99
2026-02-20,SKU-300,STORE-CHI,28,0,29.99
2026-02-20,SKU-400,STORE-NYC,23,0,29.99
2026-02-20,SKU-400,STORE-LA,28,0,29.99
2026-02-20,SKU-400,STORE-CHI,28,0,29.99
2026-02-20,SKU-500,STORE-NYC,26,0,33.99
2026-02-20,SKU-500,STORE-LA,37,0,33.99
2026-02-20,SKU-500,STORE-CHI,35,0,33.99
2026-02-21,SKU-100,STORE-NYC,45,0,31.99
2026-02-21,SKU-100,STORE-LA,41,0,31.99
2026-02-21,SKU-100,STORE-CHI,32,0,31.99
2026-02-21,SKU-200,STORE-NYC,32,0,23.99
2026-02-21,SKU-200,STORE-LA,34,0,23.99
2026-02-21,SKU-200,STORE-CHI,30,0,23.99
2026-02-21,SKU-300,STORE-NYC,33,0,29.99
2026-02-21,SKU-300,STORE-LA,39,0,29.99
2026-02-21,SKU-300,STORE-CHI,38,0,29.99
2026-02-21,SKU-400,STORE-NYC,29,0,29.99
2026-02-21,SKU-400,STORE-LA,36,0,29.99
2026-02-21,SKU-400,STORE-CHI,30,0,29.99
2026-02-21,SKU-500,STORE-NYC,30,0,33.99
2026-02-21,SKU-500,STORE-LA,44,0,33.99
2026-02-21,SKU-500,STORE-CHI,44,0,33.99
2026-02-22,SKU-100,STORE-NYC,46,0,31.99
2026-02-22,SKU-100,STORE-LA,47,0,31.99
2026-02-22,SKU-100,STORE-CHI,39,0,31.99
2026-02-22,SKU-200,STORE-NYC,30,0,23.99
2026-02-22,SKU-200,STORE-LA,36,0,23.99
2026-02-22,SKU-200,STORE-CHI,32,0,23.99
2026-02-22,SKU-300,STORE-NYC,32,0,29.99
2026-02-22,SKU-300,STORE-LA,38,0,29.99
2026-02-22,SKU-300,STORE-CHI,39,0,29.99
2026-02-22,SKU-400,STORE-NYC,31,0,29.99
2026-02-22,SKU-400,STORE-LA,40,0,29.99
2026-02-22,SKU-400,STORE-CHI,26,0,29.99
2026-02-22,SKU-500,STORE-NYC,35,0,33.99
2026-02-22,SKU-500,STORE-LA,52,1,33.99
2026-02-22,SKU-500,STORE-CHI,34,0,33.99
2026-02-23,SKU-100,STORE-NYC,35,0,31.99
2026-02-23,SKU-100,STORE-LA,45,1,31.99
2026-02-23,SKU-100,STORE-CHI,34,0,31.99
2026-02-23,SKU-200,STORE-NYC,26,0,23.99
2026-02-23,SKU-200,STORE-LA,28,0,23.99
2026-02-23,SKU-200,STORE-CHI,25,0,23.99
2026-02-23,SKU-300,STORE-NYC,26,0,29.99
2026-02-23,SKU-300,STORE-LA,35,0,29.99
2026-02-23,SKU-300,STORE-CHI,47,1,29.99
2026-02-23,SKU-400,STORE-NYC,25,0,29.99
2026-02-23,SKU-400,STORE-LA,34,0,29.99
2026-02-23,SKU-400,STORE-CHI,34,1,29.99
2026-02-23,SKU-500,STORE-NYC,26,0,33.99
2026-02-23,SKU-500,STORE-LA,37,0,33.99
2026-02-23,SKU-500,STORE-CHI,36,0,33.99
2026-02-24,SKU-100,STORE-NYC,41,0,31.99
2026-02-24,SKU-100,STORE-LA,35,0,31.99
2026-02-24,SKU-100,STORE-CHI,36,0,31.99
2026-02-24,SKU-200,STORE-NYC,22,0,23.99
2026-02-24,SKU-200,STORE-LA,28,0,23.99
2026-02-24,SKU-200,STORE-CHI,25,0,23.99
2026-02-24,SKU-300,STORE-NYC,37,1,29.99
2026-02-24,SKU-300,STORE-LA,36,0,29.99
2026-02-24,SKU-300,STORE-CHI,33,0,29.99
2026-02-24,SKU-400,STORE-NYC,33,1,29.99
2026-02-24,SKU-400,STORE-LA,28,0,29.99
2026-02-24,SKU-400,STORE-CHI,25,0,29.99
2026-02-24,SKU-500,STORE-NYC,25,0,33.99
2026-02-24,SKU-500,STORE-LA,35,0,33.99
2026-02-24,SKU-500,STORE-CHI,34,0,33.99
2026-02-25,SKU-100,STORE-NYC,37,0,31.99
2026-02-25,SKU-100,STORE-LA,31,0,31.99
2026-02-25,SKU-100,STORE-CHI,35,0,31.99
2026-02-25,SKU-200,STORE-NYC,38,1,23.99
2026-02-25,SKU-200,STORE-LA,23,0,23.99
2026-02-25,SKU-200,STORE-CHI,29,0,23.99
2026-02-25,SKU-300,STORE-NYC,25,0,29.99
2026-02-25,SKU-300,STORE-LA,37,0,29.99
2026-02-25,SKU-300,STORE-CHI,35,0,29.99
2026-02-25,SKU-400,STORE-NYC,25,0,29.99
2026-02-25,SKU-400,STORE-LA,35,0,29.99
2026-02-25,SKU-400,STORE-CHI,24,0,29.99
2026-02-25,SKU-500,STORE-NYC,27,0,33.99
2026-02-25,SKU-500,STORE-LA,35,0,33.99
2026-02-25,SKU-500,STORE-CHI,33,0,33.99
2026-02-26,SKU-100,STORE-NYC,33,0,31.99
2026-02-26,SKU-100,STORE-LA,35,0,31.99
2026-02-26,SKU-100,STORE-CHI,36,0,31.99
2026-02-26,SKU-200,STORE-NYC,23,0,23.99
2026-02-26,SKU-200,STORE-LA,27,0,23.99
2026-02-26,SKU-200,STORE-CHI,26,0,23.99
2026-02-26,SKU-300,STORE-NYC,29,0,29.99
2026-02-26,SKU-300,STORE-LA,28,0,29.99
2026-02-26,SKU-300,STORE-CHI,30,0,29.99
2026-02-26,SKU-400,STORE-NYC,26,0,29.99
2026-02-26,SKU-400,STORE-LA,36,0,29.99
2026-02-26,SKU-400,STORE-CHI,23,0,29.99
2026-02-26,SKU-500,STORE-NYC,21,0,33.99
2026-02-26,SKU-500,STORE-LA,34,0,33.99
2026-02-26,SKU-500,STORE-CHI,33,0,33.99
2026-02-27,SKU-100,STORE-NYC,53,1,31.99
2026-02-27,SKU-100,STORE-LA,37,0,31.99
2026-02-27,SKU-100,STORE-CHI,31,0,31.99
2026-02-27,SKU-200,STORE-NYC,23,0,23.99
2026-02-27,SKU-200,STORE-LA,23,0,23.99
2026-02-27,SKU-200,STORE-CHI,27,0,23.99
2026-02-27,SKU-300,STORE-NYC,27,0,29.99
2026-02-27,SKU-300,STORE-LA,34,0,29.99
2026-02-27,SKU-300,STORE-CHI,29,0,29.99
2026-02-27,SKU-400,STORE-NYC,25,0,29.99
2026-02-27,SKU-400,STORE-LA,36,0,29.99
2026-02-27,SKU-400,STORE-CHI,26,0,29.99
2026-02-27,SKU-500,STORE-NYC,25,0,33.99
2026-02-27,SKU-500,STORE-LA,34,0,33.99
2026-02-27,SKU-500,STORE-CHI,31,0,33.99
2026-02-28,SKU-100,STORE-NYC,41,0,31.99
2026-02-28,SKU-100,STORE-LA,44,0,31.99
2026-02-28,SKU-100,STORE-CHI,42,0,31.99
2026-02-28,SKU-200,STORE-NYC,32,0,23.99
2026-02-28,SKU-200,STORE-LA,32,0,23.99
2026-02-28,SKU-200,STORE-CHI,34,0,23.99
2026-02-28,SKU-300,STORE-NYC,36,0,29.99
2026-02-28,SKU-300,STORE-LA,44,0,29.99
2026-02-28,SKU-300,STORE-CHI,47,1,29.99
2026-02-28,SKU-400,STORE-NYC,28,0,29.99
2026-02-28,SKU-400,STORE-LA,39,0,29.99
2026-02-28,SKU-400,STORE-CHI,33,0,29.99
2026-02-28,SKU-500,STORE-NYC,32,0,33.99
2026-02-28,SKU-500,STORE-LA,37,0,33.99
2026-02-28,SKU-500,STORE-CHI,38,0,33.99
2026-03-01,SKU-100,STORE-NYC,39,0,31.99
2026-03-01,SKU-100,STORE-LA,40,0,31.99
2026-03-01,SKU-100,STORE-CHI,44,0,31.99
2026-03-01,SKU-200,STORE-NYC,31,0,23.99
2026-03-01,SKU-200,STORE-LA,31,0,23.99
2026-03-01,SKU-200,STORE-CHI,34,0,23.99
2026-03-01,SKU-300,STORE-NYC,29,0,29.99
2026-03-01,SKU-300,STORE-LA,39,0,29.99
2026-03-01,SKU-300,STORE-CHI,36,0,29.99
2026-03-01,SKU-400,STORE-NYC,31,0,29.99
2026-03-01,SKU-400,STORE-LA,41,0,29.99
2026-03-01,SKU-400,STORE-CHI,32,0,29.99
2026-03-01,SKU-500,STORE-NYC,32,0,33.99
2026-03-01,SKU-500,STORE-LA,44,0,33.99
2026-03-01,SKU-500,STORE-CHI,41,0,33.99
2026-03-02,SKU-100,STORE-NYC,38,0,31.99
2026-03-02,SKU-100,STORE-LA,34,0,31.99
2026-03-02,SKU-100,STORE-CHI,48,1,31.99
2026-03-02,SKU-200,STORE-NYC,22,0,23.99
2026-03-02,SKU-200,STORE-LA,26,0,23.99
2026-03-02,SKU-200,STORE-CHI,25,0,23.99
2026-03-02,SKU-300,STORE-NYC,27,0,29.99
2026-03-02,SKU-300,STORE-LA,38,0,29.99
2026-03-02,SKU-300,STORE-CHI,29,0,29.99
2026-03-02,SKU-400,STORE-NYC,33,1,29.99
2026-03-02,SKU-400,STORE-LA,33,0,29.99
2026-03-02,SKU-400,STORE-CHI,29,0,29.99
2026-03-02,SKU-500,STORE-NYC,32,1,33.99
2026-03-02,SKU-500,STORE-LA,36,0,33.99
2026-03-02,SKU-500,STORE-CHI,29,0,33.99
2026-03-03,SKU-100,STORE-NYC,37,0,31.99
2026-03-03,SKU-100,STORE-LA,50,1,31.99
2026-03-03,SKU-100,STORE-CHI,33,0,31.99
2026-03-03,SKU-200,STORE-NYC,22,0,23.99
2026-03-03,SKU-200,STORE-LA,23,0,23.99
2026-03-03,SKU-200,STORE-CHI,27,0,23.99
2026-03-03,SKU-300,STORE-NYC,29,0,29.99
2026-03-03,SKU-300,STORE-LA,35,0,29.99
2026-03-03,SKU-300,STORE-CHI,34,0,29.99
2026-03-03,SKU-400,STORE-NYC,24,0,29.99
2026-03-03,SKU-400,STORE-LA,33,0,29.99
2026-03-03,SKU-400,STORE-CHI,26,0,29.99
2026-03-03,SKU-500,STORE-NYC,23,0,33.99
2026-03-03,SKU-500,STORE-LA,30,0,33.99
2026-03-03,SKU-500,STORE-CHI,34,0,33.99
2026-03-04,SKU-100,STORE-NYC,37,0,31.99
2026-03-04,SKU-100,STORE-LA,36,0,31.99
2026-03-04,SKU-100,STORE-CHI,35,0,31.99
2026-03-04,SKU-200,STORE-NYC,17,0,23.99
2026-03-04,SKU-200,STORE-LA,25,0,23.99
2026-03-04,SKU-200,STORE-CHI,27,0,23.99
2026-03-04,SKU-300,STORE-NYC,30,0,29.99
2026-03-04,SKU-300,STORE-LA,36,0,29.99
2026-03-04,SKU-300,STORE-CHI,40,1,29.99
2026-03-04,SKU-400,STORE-NYC,22,0,29.99
2026-03-04,SKU-400,STORE-LA,33,0,29.99
2026-03-04,SKU-400,STORE-CHI,21,0,29.99
2026-03-04,SKU-500,STORE-NYC,24,0,33.99
2026-03-04,SKU-500,STORE-LA,36,0,33.99
2026-03-04,SKU-500,STORE-CHI,33,0,33.99
2026-03-05,SKU-100,STORE-NYC,37,0,31.99
2026-03-05,SKU-100,STORE-LA,38,0,31.99
2026-03-05,SKU-100,STORE-CHI,38,0,31.99
2026-03-05,SKU-200,STORE-NYC,24,0,23.99
2026-03-05,SKU-200,STORE-LA,28,0,23.99
2026-03-05,SKU-200,STORE-CHI,25,0,23.99
2026-03-05,SKU-300,STORE-NYC,27,0,29.99
2026-03-05,SKU-300,STORE-LA,34,0,29.99
2026-03-05,SKU-300,STORE-CHI,48,1,29.99
2026-03-05,SKU-400,STORE-NYC,25,0,29.99
2026-03-05,SKU-400,STORE-LA,36,0,29.99
2026-03-05,SKU-400,STORE-CHI,22,0,29.99
2026-03-05,SKU-500,STORE-NYC,35,1,33.99
2026-03-05,SKU-500,STORE-LA,34,0,33.99
2026-03-05,SKU-500,STORE-CHI,32,0,33.99
2026-03-06,SKU-100,STORE-NYC,37,0,31.99
2026-03-06,SKU-100,STORE-LA,36,0,31.99
2026-03-06,SKU-100,STORE-CHI,35,0,31.99
2026-03-06,SKU-200,STORE-NYC,27,0,23.99
2026-03-06,SKU-200,STORE-LA,27,0,23.99
2026-03-06,SKU-200,STORE-CHI,25,0,23.99
2026-03-06,SKU-300,STORE-NYC,42,1,29.99
2026-03-06,SKU-300,STORE-LA,36,0,29.99
2026-03-06,SKU-300,STORE-CHI,33,0,29.99
2026-03-06,SKU-400,STORE-NYC,19,0,29.99
2026-03-06,SKU-400,STORE-LA,29,0,29.99
2026-03-06,SKU-400,STORE-CHI,25,0,29.99
2026-03-06,SKU-500,STORE-NYC,22,0,33.99
2026-03-06,SKU-500,STORE-LA,36,0,33.99
2026-03-06,SKU-500,STORE-CHI,31,0,33.99
2026-03-07,SKU-100,STORE-NYC,42,0,31.99
2026-03-07,SKU-100,STORE-LA,43,0,31.99
2026-03-07,SKU-100,STORE-CHI,47,0,31.99
2026-03-07,SKU-200,STORE-NYC,32,0,23.99
2026-03-07,SKU-200,STORE-LA,39,0,23.99
2026-03-07,SKU-200,STORE-CHI,33,0,23.99
2026-03-07,SKU-300,STORE-NYC,34,0,29.99
2026-03-07,SKU-300,STORE-LA,45,0,29.99
2026-03-07,SKU-300,STORE-CHI,51,1,29.99
2026-03-07,SKU-400,STORE-NYC,28,0,29.99
2026-03-07,SKU-400,STORE-LA,36,0,29.99
2026-03-07,SKU-400,STORE-CHI,34,0,29.99
2026-03-07,SKU-500,STORE-NYC,27,0,33.99
2026-03-07,SKU-500,STORE-LA,37,0,33.99
2026-03-07,SKU-500,STORE-CHI,42,0,33.99
2026-03-08,SKU-100,STORE-NYC,43,0,31.99
2026-03-08,SKU-100,STORE-LA,40,0,31.99
2026-03-08,SKU-100,STORE-CHI,39,0,31.99
2026-03-08,SKU-200,STORE-NYC,27,0,23.99
2026-03-08,SKU-200,STORE-LA,33,0,23.99
2026-03-08,SKU-200,STORE-CHI,34,0,23.99
2026-03-08,SKU-300,STORE-NYC,36,0,29.99
2026-03-08,SKU-300,STORE-LA,54,1,29.99
2026-03-08,SKU-300,STORE-CHI,37,0,29.99
2026-03-08,SKU-400,STORE-NYC,33,0,29.99
2026-03-08,SKU-400,STORE-LA,36,0,29.99
2026-03-08,SKU-400,STORE-CHI,38,1,29.99
2026-03-08,SKU-500,STORE-NYC,28,0,33.99
2026-03-08,SKU-500,STORE-LA,44,0,33.99
2026-03-08,SKU-500,STORE-CHI,34,0,33.99
2026-03-09,SKU-100,STORE-NYC,36,0,31.99
2026-03-09,SKU-100,STORE-LA,36,0,31.99
2026-03-09,SKU-100,STORE-CHI,37,0,31.99
2026-03-09,SKU-200,STORE-NYC,29,0,23.99
2026-03-09,SKU-200,STORE-LA,26,0,23.99
2026-03-09,SKU-200,STORE-CHI,26,0,23.99
2026-03-09,SKU-300,STORE-NYC,32,0,29.99
2026-03-09,SKU-300,STORE-LA,33,0,29.99
2026-03-09,SKU-300,STORE-CHI,32,0,29.99
2026-03-09,SKU-400,STORE-NYC,24,0,29.99
2026-03-09,SKU-400,STORE-LA,32,0,29.99
2026-03-09,SKU-400,STORE-CHI,18,0,29.99
2026-03-09,SKU-500,STORE-NYC,31,0,33.99
2026-03-09,SKU-500,STORE-LA,45,1,33.99
2026-03-09,SKU-500,STORE-CHI,38,0,33.99
2026-03-10,SKU-100,STORE-NYC,33,0,31.99
2026-03-10,SKU-100,STORE-LA,37,0,31.99
2026-03-10,SKU-100,STORE-CHI,33,0,31.99
2026-03-10,SKU-200,STORE-NYC,25,0,23.99
2026-03-10,SKU-200,STORE-LA,26,0,23.99
2026-03-10,SKU-200,STORE-CHI,27,0,23.99
2026-03-10,SKU-300,STORE-NYC,25,0,29.99
2026-03-10,SKU-300,STORE-LA,34,0,29.99
2026-03-10,SKU-300,STORE-CHI,45,1,29.99
2026-03-10,SKU-400,STORE-NYC,23,0,29.99
2026-03-10,SKU-400,STORE-LA,33,0,29.99
2026-03-10,SKU-400,STORE-CHI,30,0,29.99
2026-03-10,SKU-500,STORE-NYC,23,0,33.99
2026-03-10,SKU-500,STORE-LA,32,0,33.99
2026-03-10,SKU-500,STORE-CHI,32,0,33.99
2026-03-11,SKU-100,STORE-NYC,35,0,31.99
2026-03-11,SKU-100,STORE-LA,33,0,31.99
2026-03-11,SKU-100,STORE-CHI,36,0,31.99
2026-03-11,SKU-200,STORE-NYC,23,0,23.99
2026-03-11,SKU-200,STORE-LA,29,0,23.99
2026-03-11,SKU-200,STORE-CHI,29,0,23.99
2026-03-11,SKU-300,STORE-NYC,24,0,29.99
2026-03-11,SKU-300,STORE-LA,34,0,29.99
2026-03-11,SKU-300,STORE-CHI,30,0,29.99
2026-03-11,SKU-400,STORE-NYC,34,1,29.99
2026-03-11,SKU-400,STORE-LA,36,0,29.99
2026-03-11,SKU-400,STORE-CHI,30,0,29.99
2026-03-11,SKU-500,STORE-NYC,26,0,33.99
2026-03-11,SKU-500,STORE-LA,36,0,33.99
2026-03-11,SKU-500,STORE-CHI,33,0,33.99
2026-03-12,SKU-100,STORE-NYC,36,0,31.99
2026-03-12,SKU-100,STORE-LA,40,0,31.99
2026-03-12,SKU-100,STORE-CHI,35,0,31.99
2026-03-12,SKU-200,STORE-NYC,23,0,23.99
2026-03-12,SKU-200,STORE-LA,30,0,23.99
2026-03-12,SKU-200,STORE-CHI,27,0,23.99
2026-03-12,SKU-300,STORE-NYC,41,1,29.99
2026-03-12,SKU-300,STORE-LA,35,0,29.99
2026-03-12,SKU-300,STORE-CHI,33,0,29.99
2026-03-12,SKU-400,STORE-NYC,21,0,29.99
2026-03-12,SKU-400,STORE-LA,35,0,29.99
2026-03-12,SKU-400,STORE-CHI,24,0,29.99
2026-03-12,SKU-500,STORE-NYC,25,0,33.99
2026-03-12,SKU-500,STORE-LA,33,0,33.99
2026-03-12,SKU-500,STORE-CHI,34,0,33.99
2026-03-13,SKU-100,STORE-NYC,37,0,31.99
2026-03-13,SKU-100,STORE-LA,37,0,31.99
2026-03-13,SKU-100,STORE-CHI,36,0,31.99
2026-03-13,SKU-200,STORE-NYC,26,0,23.99
2026-03-13,SKU-200,STORE-LA,25,0,23.99
2026-03-13,SKU-200,STORE-CHI,27,0,23.99
2026-03-13,SKU-300,STORE-NYC,27,0,29.99
2026-03-13,SKU-300,STORE-LA,37,0,29.99
2026-03-13,SKU-300,STORE-CHI,35,0,29.99
2026-03-13,SKU-400,STORE-NYC,22,0,29.99
2026-03-13,SKU-400,STORE-LA,33,0,29.99
2026-03-13,SKU-400,STORE-CHI,23,0,29.99
2026-03-13,SKU-500,STORE-NYC,24,0,33.99
2026-03-13,SKU-500,STORE-LA,31,0,33.99
2026-03-13,SKU-500,STORE-CHI,37,0,33.99
2026-03-14,SKU-100,STORE-NYC,50,0,31.99
2026-03-14,SKU-100,STORE-LA,44,0,31.99
2026-03-14,SKU-100,STORE-CHI,42,0,31.99
2026-03-14,SKU-200,STORE-NYC,34,0,23.99
2026-03-14,SKU-200,STORE-LA,33,0,23.99
2026-03-14,SKU-200,STORE-CHI,39,0,23.99
2026-03-14,SKU-300,STORE-NYC,45,1,29.99
2026-03-14,SKU-300,STORE-LA,40,0,29.99
2026-03-14,SKU-300,STORE-CHI,40,0,29.99
2026-03-14,SKU-400,STORE-NYC,33,0,29.99
2026-03-14,SKU-400,STORE-LA,36,0,29.99
2026-03-14,SKU-400,STORE-CHI,29,0,29.99
2026-03-14,SKU-500,STORE-NYC,33,0,33.99
2026-03-14,SKU-500,STORE-LA,41,0,33.99
2026-03-14,SKU-500,STORE-CHI,34,0,33.99
2026-03-15,SKU-100,STORE-NYC,45,0,31.99
2026-03-15,SKU-100,STORE-LA,44,0,31.99
2026-03-15,SKU-100,STORE-CHI,38,0,31.99
2026-03-15,SKU-200,STORE-NYC,32,0,23.99
2026-03-15,SKU-200,STORE-LA,35,0,23.99
2026-03-15,SKU-200,STORE-CHI,35,0,23.99
2026-03-15,SKU-300,STORE-NYC,35,0,29.99
2026-03-15,SKU-300,STORE-LA,41,0,29.99
2026-03-15,SKU-300,STORE-CHI,39,0,29.99
2026-03-15,SKU-400,STORE-NYC,34,0,29.99
2026-03-15,SKU-400,STORE-LA,44,0,29.99
2026-03-15,SKU-400,STORE-CHI,32,0,29.99
2026-03-15,SKU-500,STORE-NYC,28,0,33.99
2026-03-15,SKU-500,STORE-LA,41,0,33.99
2026-03-15,SKU-500,STORE-CHI,44,0,33.99
2026-03-16,SKU-100,STORE-NYC,43,0,31.99
2026-03-16,SKU-100,STORE-LA,36,0,31.99
2026-03-16,SKU-100,STORE-CHI,37,0,31.99
2026-03-16,SKU-200,STORE-NYC,26,0,23.99
2026-03-16,SKU-200,STORE-LA,32,0,23.99
2026-03-16,SKU-200,STORE-CHI,32,0,23.99
2026-03-16,SKU-300,STORE-NYC,26,0,29.99
2026-03-16,SKU-300,STORE-LA,34,0,29.99
2026-03-16,SKU-300,STORE-CHI,35,0,29.99
2026-03-16,SKU-400,STORE-NYC,24,0,29.99
2026-03-16,SKU-400,STORE-LA,33,0,29.99
2026-03-16,SKU-400,STORE-CHI,26,0,29.99
2026-03-16,SKU-500,STORE-NYC,24,0,33.99
2026-03-16,SKU-500,STORE-LA,34,0,33.99
2026-03-16,SKU-500,STORE-CHI,32,0,33.99
2026-03-17,SKU-100,STORE-NYC,37,0,31.99
2026-03-17,SKU-100,STORE-LA,48,1,31.99
2026-03-17,SKU-100,STORE-CHI,33,0,31.99
2026-03-17,SKU-200,STORE-NYC,24,0,23.99
2026-03-17,SKU-200,STORE-LA,27,0,23.99
2026-03-17,SKU-200,STORE-CHI,30,0,23.99
2026-03-17,SKU-300,STORE-NYC,29,0,29.99
2026-03-17,SKU-300,STORE-LA,34,0,29.99
2026-03-17,SKU-300,STORE-CHI,27,0,29.99
2026-03-17,SKU-400,STORE-NYC,21,0,29.99
2026-03-17,SKU-400,STORE-LA,33,0,29.99
2026-03-17,SKU-400,STORE-CHI,24,0,29.99
2026-03-17,SKU-500,STORE-NYC,38,1,33.99
2026-03-17,SKU-500,STORE-LA,42,1,33.99
2026-03-17,SKU-500,STORE-CHI,31,0,33.99
2026-03-18,SKU-100,STORE-NYC,47,1,31.99
2026-03-18,SKU-100,STORE-LA,37,0,31.99
2026-03-18,SKU-100,STORE-CHI,32,0,31.99
2026-03-18,SKU-200,STORE-NYC,22,0,23.99
2026-03-18,SKU-200,STORE-LA,29,0,23.99
2026-03-18,SKU-200,STORE-CHI,25,0,23.99
2026-03-18,SKU-300,STORE-NYC,30,0,29.99
2026-03-18,SKU-300,STORE-LA,38,0,29.99
2026-03-18,SKU-300,STORE-CHI,34,0,29.99
2026-03-18,SKU-400,STORE-NYC,21,0,29.99
2026-03-18,SKU-400,STORE-LA,36,0,29.99
2026-03-18,SKU-400,STORE-CHI,26,0,29.99
2026-03-18,SKU-500,STORE-NYC,26,0,33.99
2026-03-18,SKU-500,STORE-LA,36,0,33.99
2026-03-18,SKU-500,STORE-CHI,32,0,33.99
2026-03-19,SKU-100,STORE-NYC,37,0,31.99
2026-03-19,SKU-100,STORE-LA,38,0,31.99
2026-03-19,SKU-100,STORE-CHI,36,0,31.99
2026-03-19,SKU-200,STORE-NYC,20,0,23.99
2026-03-19,SKU-200,STORE-LA,26,0,23.99
2026-03-19,SKU-200,STORE-CHI,25,0,23.99
2026-03-19,SKU-300,STORE-NYC,29,0,29.99
2026-03-19,SKU-300,STORE-LA,38,0,29.99
2026-03-19,SKU-300,STORE-CHI,44,1,29.99
2026-03-19,SKU-400,STORE-NYC,20,0,29.99
2026-03-19,SKU-400,STORE-LA,34,0,29.99
2026-03-19,SKU-400,STORE-CHI,29,0,29.99
2026-03-19,SKU-500,STORE-NYC,24,0,33.99
2026-03-19,SKU-500,STORE-LA,32,0,33.99
2026-03-19,SKU-500,STORE-CHI,35,0,33.99
2026-03-20,SKU-100,STORE-NYC,36,0,31.99
2026-03-20,SKU-100,STORE-LA,36,0,31.99
2026-03-20,SKU-100,STORE-CHI,39,0,31.99
2026-03-20,SKU-200,STORE-NYC,24,0,23.99
2026-03-20,SKU-200,STORE-LA,25,0,23.99
2026-03-20,SKU-200,STORE-CHI,28,0,23.99
2026-03-20,SKU-300,STORE-NYC,27,0,29.99
2026-03-20,SKU-300,STORE-LA,35,0,29.99
2026-03-20,SKU-300,STORE-CHI,35,0,29.99
2026-03-20,SKU-400,STORE-NYC,26,0,29.99
2026-03-20,SKU-400,STORE-LA,31,0,29.99
2026-03-20,SKU-400,STORE-CHI,28,0,29.99
2026-03-20,SKU-500,STORE-NYC,24,0,33.99
2026-03-20,SKU-500,STORE-LA,34,0,33.99
2026-03-20,SKU-500,STORE-CHI,34,0,33.99
2026-03-21,SKU-100,STORE-NYC,44,0,31.99
2026-03-21,SKU-100,STORE-LA,45,0,31.99
2026-03-21,SKU-100,STORE-CHI,38,0,31.99
2026-03-21,SKU-200,STORE-NYC,31,0,23.99
2026-03-21,SKU-200,STORE-LA,30,0,23.99
2026-03-21,SKU-200,STORE-CHI,35,0,23.99
2026-03-21,SKU-300,STORE-NYC,37,0,29.99
2026-03-21,SKU-300,STORE-LA,42,0,29.99
2026-03-21,SKU-300,STORE-CHI,39,0,29.99
2026-03-21,SKU-400,STORE-NYC,27,0,29.99
2026-03-21,SKU-400,STORE-LA,37,0,29.99
2026-03-21,SKU-400,STORE-CHI,29,0,29.99
2026-03-21,SKU-500,STORE-NYC,31,0,33.99
2026-03-21,SKU-500,STORE-LA,41,0,33.99
2026-03-21,SKU-500,STORE-CHI,42,0,33.99
2026-03-22,SKU-100,STORE-NYC,44,0,31.99
2026-03-22,SKU-100,STORE-LA,41,0,31.99
2026-03-22,SKU-100,STORE-CHI,37,0,31.99
2026-03-22,SKU-200,STORE-NYC,30,0,23.99
2026-03-22,SKU-200,STORE-LA,35,0,23.99
2026-03-22,SKU-200,STORE-CHI,37,0,23.99
2026-03-22,SKU-300,STORE-NYC,40,0,29.99
2026-03-22,SKU-300,STORE-LA,41,0,29.99
2026-03-22,SKU-300,STORE-CHI,35,0,29.99
2026-03-22,SKU-400,STORE-NYC,32,0,29.99
2026-03-22,SKU-400,STORE-LA,39,0,29.99
2026-03-22,SKU-400,STORE-CHI,34,0,29.99
2026-03-22,SKU-500,STORE-NYC,37,0,33.99
2026-03-22,SKU-500,STORE-LA,41,0,33.99
2026-03-22,SKU-500,STORE-CHI,43,0,33.99
2026-03-23,SKU-100,STORE-NYC,36,0,31.99
2026-03-23,SKU-100,STORE-LA,36,0,31.99
2026-03-23,SKU-100,STORE-CHI,39,0,31.99
2026-03-23,SKU-200,STORE-NYC,26,0,23.99
2026-03-23,SKU-200,STORE-LA,35,0,23.99
2026-03-23,SKU-200,STORE-CHI,31,0,23.99
2026-03-23,SKU-300,STORE-NYC,33,0,29.99
2026-03-23,SKU-300,STORE-LA,36,0,29.99
2026-03-23,SKU-300,STORE-CHI,30,0,29.99
2026-03-23,SKU-400,STORE-NYC,23,0,29.99
2026-03-23,SKU-400,STORE-LA,32,0,29.99
2026-03-23,SKU-400,STORE-CHI,24,0,29.99
2026-03-23,SKU-500,STORE-NYC,25,0,33.99
2026-03-23,SKU-500,STORE-LA,38,0,33.99
2026-03-23,SKU-500,STORE-CHI,37,0,33.99
2026-03-24,SKU-100,STORE-NYC,40,0,31.99
2026-03-24,SKU-100,STORE-LA,38,0,31.99
2026-03-24,SKU-100,STORE-CHI,36,0,31.99
2026-03-24,SKU-200,STORE-NYC,23,0,23.99
2026-03-24,SKU-200,STORE-LA,27,0,23.99
2026-03-24,SKU-200,STORE-CHI,31,0,23.99
2026-03-24,SKU-300,STORE-NYC,30,0,29.99
2026-03-24,SKU-300,STORE-LA,35,0,29.99
2026-03-24,SKU-300,STORE-CHI,33,0,29.99
2026-03-24,SKU-400,STORE-NYC,25,0,29.99
2026-03-24,SKU-400,STORE-LA,30,0,29.99
2026-03-24,SKU-400,STORE-CHI,22,0,29.99
2026-03-24,SKU-500,STORE-NYC,25,0,33.99
2026-03-24,SKU-500,STORE-LA,35,0,33.99
2026-03-24,SKU-500,STORE-CHI,41,0,33.99
2026-03-25,SKU-100,STORE-NYC,39,0,31.99
2026-03-25,SKU-100,STORE-LA,49,1,31.99
2026-03-25,SKU-100,STORE-CHI,35,0,31.99
2026-03-25,SKU-200,STORE-NYC,22,0,23.99
2026-03-25,SKU-200,STORE-LA,28,0,23.99
2026-03-25,SKU-200,STORE-CHI,28,0,23.99
2026-03-25,SKU-300,STORE-NYC,31,0,29.99
2026-03-25,SKU-300,STORE-LA,38,0,29.99
2026-03-25,SKU-300,STORE-CHI,33,0,29.99
2026-03-25,SKU-400,STORE-NYC,23,0,29.99
2026-03-25,SKU-400,STORE-LA,28,0,29.99
2026-03-25,SKU-400,STORE-CHI,29,0,29.99
2026-03-25,SKU-500,STORE-NYC,28,0,33.99
2026-03-25,SKU-500,STORE-LA,31,0,33.99
2026-03-25,SKU-500,STORE-CHI,36,0,33.99
2026-03-26,SKU-100,STORE-NYC,52,1,31.99
2026-03-26,SKU-100,STORE-LA,38,0,31.99
2026-03-26,SKU-100,STORE-CHI,37,0,31.99
2026-03-26,SKU-200,STORE-NYC,24,0,23.99
2026-03-26,SKU-200,STORE-LA,26,0,23.99
2026-03-26,SKU-200,STORE-CHI,32,0,23.99
2026-03-26,SKU-300,STORE-NYC,30,0,29.99
2026-03-26,SKU-300,STORE-LA,39,0,29.99
2026-03-26,SKU-300,STORE-CHI,37,0,29.99
2026-03-26,SKU-400,STORE-NYC,25,0,29.99
2026-03-26,SKU-400,STORE-LA,34,0,29.99
2026-03-26,SKU-400,STORE-CHI,24,0,29.99
2026-03-26,SKU-500,STORE-NYC,22,0,33.99
2026-03-26,SKU-500,STORE-LA,38,0,33.99
2026-03-26,SKU-500,STORE-CHI,33,0,33.99
2026-03-27,SKU-100,STORE-NYC,37,0,31.99
2026-03-27,SKU-100,STORE-LA,35,0,31.99
2026-03-27,SKU-100,STORE-CHI,32,0,31.99
2026-03-27,SKU-200,STORE-NYC,28,0,23.99
2026-03-27,SKU-200,STORE-LA,21,0,23.99
2026-03-27,SKU-200,STORE-CHI,38,1,23.99
2026-03-27,SKU-300,STORE-NYC,32,0,29.99
2026-03-27,SKU-300,STORE-LA,40,0,29.99
2026-03-27,SKU-300,STORE-CHI,35,0,29.99
2026-03-27,SKU-400,STORE-NYC,25,0,29.99
2026-03-27,SKU-400,STORE-LA,35,0,29.99
2026-03-27,SKU-400,STORE-CHI,26,0,29.99
2026-03-27,SKU-500,STORE-NYC,26,0,33.99
2026-03-27,SKU-500,STORE-LA,37,0,33.99
2026-03-27,SKU-500,STORE-CHI,35,0,33.99
2026-03-28,SKU-100,STORE-NYC,41,0,31.99
2026-03-28,SKU-100,STORE-LA,42,0,31.99
2026-03-28,SKU-100,STORE-CHI,40,0,31.99
2026-03-28,SKU-200,STORE-NYC,32,0,23.99
2026-03-28,SKU-200,STORE-LA,34,0,23.99
2026-03-28,SKU-200,STORE-CHI,33,0,23.99
2026-03-28,SKU-300,STORE-NYC,38,0,29.99
2026-03-28,SKU-300,STORE-LA,44,0,29.99
2026-03-28,SKU-300,STORE-CHI,50,1,29.99
2026-03-28,SKU-400,STORE-NYC,26,0,29.99
2026-03-28,SKU-400,STORE-LA,40,0,29.99
2026-03-28,SKU-400,STORE-CHI,29,0,29.99
2026-03-28,SKU-500,STORE-NYC,28,0,33.99
2026-03-28,SKU-500,STORE-LA,41,0,33.99
2026-03-28,SKU-500,STORE-CHI,42,0,33.99
2026-03-29,SKU-100,STORE-NYC,43,0,31.99
2026-03-29,SKU-100,STORE-LA,45,0,31.99
2026-03-29,SKU-100,STORE-CHI,53,1,31.99
2026-03-29,SKU-200,STORE-NYC,32,0,23.99
2026-03-29,SKU-200,STORE-LA,36,0,23.99
2026-03-29,SKU-200,STORE-CHI,37,0,23.99
2026-03-29,SKU-300,STORE-NYC,33,0,29.99
2026-03-29,SKU-300,STORE-LA,43,0,29.99
2026-03-29,SKU-300,STORE-CHI,41,0,29.99
2026-03-29,SKU-400,STORE-NYC,31,0,29.99
2026-03-29,SKU-400,STORE-LA,36,0,29.99
2026-03-29,SKU-400,STORE-CHI,29,0,29.99
2026-03-29,SKU-500,STORE-NYC,33,0,33.99
2026-03-29,SKU-500,STORE-LA,40,0,33.99
2026-03-29,SKU-500,STORE-CHI,45,0,33.99
2026-03-30,SKU-100,STORE-NYC,39,0,31.99
2026-03-30,SKU-100,STORE-LA,31,0,31.99
2026-03-30,SKU-100,STORE-CHI,34,0,31.99
2026-03-30,SKU-200,STORE-NYC,24,0,23.99
2026-03-30,SKU-200,STORE-LA,26,0,23.99
2026-03-30,SKU-200,STORE-CHI,31,0,23.99
2026-03-30,SKU-300,STORE-NYC,28,0,29.99
2026-03-30,SKU-300,STORE-LA,39,0,29.99
2026-03-30,SKU-300,STORE-CHI,30,0,29.99
2026-03-30,SKU-400,STORE-NYC,26,0,29.99
2026-03-30,SKU-400,STORE-LA,33,0,29.99
2026-03-30,SKU-400,STORE-CHI,24,0,29.99
2026-03-30,SKU-500,STORE-NYC,22,0,33.99
2026-03-30,SKU-500,STORE-LA,37,0,33.99
2026-03-30,SKU-500,STORE-CHI,30,0,33.99
